track_id,artists,album_name,track_name,popularity,duration_ms,explicit,danceability,energy,key,loudness,mode,speechiness,acousticness,instrumentalness,liveness,valence,tempo,time_signature,track_genre,raw_dataset_genre,preview_url,artwork_url
5SuOikwiRyPMVoIQDJUgSV,Gen Hoshino,Comedy,Comedy,73,230666,False,0.676,0.461,1,-6.746,0,0.143,0.0322,1.01e-06,0.358,0.715,87.917,4,Alternative,acoustic,https://audio-ssl.itunes.apple.com/itunes-assets/AudioPreview112/v4/59/0c/d7/590cd74f-9afc-9cbb-73b1-56958a41d625/mzaf_9220213234167574850.plus.aac.p.m4a,https://is1-ssl.mzstatic.com/image/thumb/Music122/v4/5d/b2/7e/5db27e44-e8ac-4099-1a4e-5ff8264f14ec/VEATP-39813.jpg/100x100bb.jpg
4qPNDBW1i3p13qLCt0Ki3A,Ben Woodward,Ghost (Acoustic),Ghost - Acoustic,55,149610,False,0.42,0.166,1,-17.235,1,0.0763,0.924,5.56e-06,0.101,0.267,77.489,4,Pop,acoustic,https://audio-ssl.itunes.apple.com/itunes-assets/AudioPreview125/v4/58/35/66/583566f8-bba0-6731-9f76-6fd1f2e6acc5/mzaf_7687460184278032883.plus.aac.p.m4a,https://is1-ssl.mzstatic.com/image/thumb/Music125/v4/5a/78/71/5a787169-1cd4-40fe-b73b-02ea5787a7e2/artwork.jpg/100x100bb.jpg
1iJBSr7s7jYXzM8EGcbK5b,Ingrid Michaelson;ZAYN,To Begin Again,To Begin Again,57,210826,False,0.438,0.359,0,-9.734,1,0.0557,0.21,0.0,0.117,0.12,76.332,4,Pop,acoustic,https://audio-ssl.itunes.apple.com/itunes-assets/AudioPreview124/v4/5a/07/ae/5a07aed6-8c42-dd25-366d-452ef1f7257b/mzaf_1490525283972211351.plus.aac.p.m4a,https://is1-ssl.mzstatic.com/image/thumb/Music115/v4/09/8d/89/098d89e3-eff5-e892-0c4b-ba9c012bfc6b/195497785490.jpg/100x100bb.jpg
6lfxq3CG4xtTiEg7opyCyx,Kina Grannis,Crazy Rich Asians (Original Motion Picture Soundtrack),Can't Help Falling In Love,71,201933,False,0.266,0.0596,0,-18.515,1,0.0363,0.905,7.07e-05,0.132,0.143,181.74,3,Soundtrack,acoustic,https://audio-ssl.itunes.apple.com/itunes-assets/AudioPreview211/v4/38/7d/49/387d4959-a0ad-c4ff-36af-e00fa7ce8d0b/mzaf_14326388611510586450.plus.aac.p.m4a,https://is1-ssl.mzstatic.com/image/thumb/Music115/v4/ea/93/91/ea9391c7-f9f6-033f-c97a-66c415032692/794043197215.jpg/100x100bb.jpg
5vjLSffimiIP26QG5WcN2K,Chord Overstreet,Hold On,Hold On,82,198853,False,0.618,0.443,2,-9.681,1,0.0526,0.469,0.0,0.0829,0.167,119.949,4,Pop,acoustic,https://audio-ssl.itunes.apple.com/itunes-assets/AudioPreview115/v4/5c/64/7a/5c647a5d-5d14-3a48-616e-36363cb2ec9d/mzaf_1837979177806414266.plus.aac.p.m4a,https://is1-ssl.mzstatic.com/image/thumb/Music115/v4/82/f2/6a/82f26ae6-f5c4-4ae7-74c0-72c266cd8406/00602557261615.rgb.jpg/100x100bb.jpg
01MVOl9KtVTNfFiBU9I7dc,Tyrone Wells,Days I Will Remember,Days I Will Remember,58,214240,False,0.688,0.481,6,-8.807,1,0.105,0.289,0.0,0.189,0.666,98.017,4,Singer/Songwriter,acoustic,https://audio-ssl.itunes.apple.com/itunes-assets/AudioPreview122/v4/59/21/c5/5921c5b2-7511-308e-952c-2a9963585240/mzaf_14145814135692863844.plus.aac.p.m4a,https://is1-ssl.mzstatic.com/image/thumb/Music112/v4/4d/0e/05/4d0e054b-973e-d6b7-d0d8-8bb173a78008/artwork.jpg/100x100bb.jpg
6Vc5wAMmXdKIAM7WUoEb7N,A Great Big World;Christina Aguilera,Is There Anybody Out There?,Say Something,74,229400,False,0.407,0.147,2,-8.822,1,0.0355,0.857,2.89e-06,0.0913,0.0765,141.284,3,Pop,acoustic,https://audio-ssl.itunes.apple.com/itunes-assets/AudioPreview115/v4/61/59/6d/61596d88-b3fd-bcf0-2572-f805d976d291/mzaf_5012302252314646019.plus.aac.p.m4a,https://is1-ssl.mzstatic.com/image/thumb/Music125/v4/f4/19/56/f41956df-120e-321f-a1cb-626b48c14ab6/886444314022.jpg/100x100bb.jpg
1EzrEOXmMH3G43AXT1y7pA,Jason Mraz,We Sing. We Dance. We Steal Things.,I'm Yours,80,242946,False,0.703,0.444,11,-9.331,1,0.0417,0.559,0.0,0.0973,0.712,150.96,4,Pop,acoustic,https://audio-ssl.itunes.apple.com/itunes-assets/AudioPreview221/v4/63/7d/21/637d21cb-2e4b-a845-bd85-fb327e04464a/mzaf_14367811252980822947.plus.aac.p.m4a,https://is1-ssl.mzstatic.com/image/thumb/Music115/v4/f8/ac/ec/f8acec21-40e2-fa91-fe61-1be3cbc1467a/mzi.jokpbtnf.jpg/100x100bb.jpg
0IktbUcnAGrvD03AWnz3Q8,Jason Mraz;Colbie Caillat,We Sing. We Dance. We Steal Things.,Lucky,74,189613,False,0.625,0.414,0,-8.7,1,0.0369,0.294,0.0,0.151,0.669,130.088,4,Pop,acoustic,https://audio-ssl.itunes.apple.com/itunes-assets/AudioPreview221/v4/83/f9/90/83f99033-fb9d-58d8-6e17-df35b6ba12df/mzaf_2412801904124381815.plus.aac.p.m4a,https://is1-ssl.mzstatic.com/image/thumb/Music115/v4/f8/ac/ec/f8acec21-40e2-fa91-fe61-1be3cbc1467a/mzi.jokpbtnf.jpg/100x100bb.jpg
7k9GuJYLp2AzqokyEdwEw2,Ross Copperman,Hunger,Hunger,56,205594,False,0.442,0.632,1,-6.77,1,0.0295,0.426,0.00419,0.0735,0.196,78.899,4,Pop,acoustic,https://audio-ssl.itunes.apple.com/itunes-assets/AudioPreview125/v4/20/92/f8/2092f8a2-3ef0-f9c1-261d-a878edacde0d/mzaf_6453481447743832.plus.aac.p.m4a,https://is1-ssl.mzstatic.com/image/thumb/Music7/v4/e0/fb/92/e0fb9234-6fcc-c003-5343-762d4eeea661/859714601658_cover.jpg/100x100bb.jpg
4mzP5mHkRvGxdhdGdAH7EJ,Zack Tabudlo,Episode,Give Me Your Forever,74,244800,False,0.627,0.363,8,-8.127,1,0.0291,0.279,0.0,0.0928,0.301,99.905,4,Pop,acoustic,https://audio-ssl.itunes.apple.com/itunes-assets/AudioPreview125/v4/ca/2b/20/ca2b201e-739c-6500-217a-ad6a7864b462/mzaf_8357718588881683590.plus.aac.p.m4a,https://is1-ssl.mzstatic.com/image/thumb/Music115/v4/f8/fe/aa/f8feaae7-f0ec-ab22-c06f-1ca45232ea14/21UM1IM13834.rgb.jpg/100x100bb.jpg
5ivF4eQBqJiVL5IAE9jRyl,Jason Mraz,Love Is a Four Letter Word,I Won't Give Up,69,240165,False,0.483,0.303,4,-10.058,1,0.0429,0.694,0.0,0.115,0.139,133.406,3,Pop,acoustic,https://audio-ssl.itunes.apple.com/itunes-assets/AudioPreview221/v4/5d/f4/11/5df411a7-7de9-a768-3eef-1b74cc77efcb/mzaf_2117023069067957023.plus.aac.p.m4a,https://is1-ssl.mzstatic.com/image/thumb/Music115/v4/2c/ac/8a/2cac8ac4-cb90-ac44-0808-a8e3ccbe05d0/075679962577.jpg/100x100bb.jpg
4ptDJbJl35d7gQfeNteBwp,Dan Berk,Solo,Solo,52,198712,False,0.489,0.314,7,-9.245,0,0.0331,0.749,0.0,0.113,0.607,124.234,4,Pop,acoustic,https://audio-ssl.itunes.apple.com/itunes-assets/AudioPreview115/v4/66/cc/45/66cc45b5-24c2-f8fb-fb72-97c43c4b6547/mzaf_11729062379016090576.plus.aac.p.m4a,https://is1-ssl.mzstatic.com/image/thumb/Music125/v4/82/00/bf/8200bff8-53f0-50fc-1ab4-240878fb0ede/7330065079943.png/100x100bb.jpg
0X9MxHR1rTkEHDjp95F2OO,Anna Hamilton,Bad Liar,Bad Liar,62,248448,False,0.691,0.234,3,-6.441,1,0.0285,0.777,0.0,0.12,0.209,87.103,4,Pop,acoustic,https://audio-ssl.itunes.apple.com/itunes-assets/AudioPreview126/v4/46/14/7a/46147ad4-db67-714e-08f7-1b38b99f8f81/mzaf_9456879671999258256.plus.aac.p.m4a,https://is1-ssl.mzstatic.com/image/thumb/Music114/v4/db/06/02/db06029d-a915-99d8-a55d-5b720800b296/artwork.jpg/100x100bb.jpg
4LbWtBkN82ZRhz9jqzgrb3,Chord Overstreet;Deepend,Hold On (Remix),Hold On - Remix,56,188133,False,0.755,0.78,2,-6.084,1,0.0327,0.124,2.83e-05,0.121,0.387,120.004,4,Pop,acoustic,https://audio-ssl.itunes.apple.com/itunes-assets/AudioPreview115/v4/5c/64/7a/5c647a5d-5d14-3a48-616e-36363cb2ec9d/mzaf_1837979177806414266.plus.aac.p.m4a,https://is1-ssl.mzstatic.com/image/thumb/Music115/v4/82/f2/6a/82f26ae6-f5c4-4ae7-74c0-72c266cd8406/00602557261615.rgb.jpg/100x100bb.jpg
1KHdq8NK9QxnGjdXb55NiG,Landon Pigg,The Boy Who Never,Falling in Love at a Coffee Shop,58,244986,False,0.489,0.561,4,-7.933,1,0.0274,0.2,4.56e-05,0.179,0.238,83.457,3,Alternative,acoustic,https://audio-ssl.itunes.apple.com/itunes-assets/AudioPreview116/v4/3f/b2/12/3fb21243-3514-d605-765f-668ca6950e4e/mzaf_9689496126599507838.plus.aac.p.m4a,https://is1-ssl.mzstatic.com/image/thumb/Features125/v4/a6/ed/1a/a6ed1a4f-88d0-32be-6856-cabcb0d8900b/dj.ynctqhby.jpg/100x100bb.jpg
6xKeQgzfjixSUld14qUezm,Andrew Foy;Renee Foy,ily (i love you baby),ily (i love you baby),56,129750,False,0.706,0.112,2,-18.098,1,0.0391,0.827,4.03e-06,0.125,0.414,110.154,4,Pop,acoustic,https://audio-ssl.itunes.apple.com/itunes-assets/AudioPreview126/v4/bb/ce/a3/bbcea395-ea99-f0ca-b055-70753045f9b7/mzaf_13638875058327744217.plus.aac.p.m4a,https://is1-ssl.mzstatic.com/image/thumb/Music116/v4/0a/ab/10/0aab106a-2afd-846a-03b2-5739c48b447f/cover.jpg/100x100bb.jpg
4Yo0igmcoNyat1secaH0OD,Andrew Foy;Renee Foy,At My Worst,At My Worst,54,169728,False,0.795,0.0841,10,-18.09,0,0.0461,0.742,1.17e-05,0.0853,0.609,91.803,4,Pop,acoustic,https://audio-ssl.itunes.apple.com/itunes-assets/AudioPreview116/v4/13/1b/22/131b225b-f102-6124-75ff-1af37ccea057/mzaf_348460425920124173.plus.aac.p.m4a,https://is1-ssl.mzstatic.com/image/thumb/Music116/v4/c5/cb/e0/c5cbe070-65e4-f707-531f-8db21bae0b37/cover.jpg/100x100bb.jpg
2qLMf6TuEC3ruGJg4SMMN6,Jason Mraz;Colbie Caillat,We Sing. We Dance. We Steal Things.,Lucky,68,189613,False,0.625,0.414,0,-8.7,1,0.0369,0.294,0.0,0.151,0.669,130.088,4,Pop,acoustic,https://audio-ssl.itunes.apple.com/itunes-assets/AudioPreview221/v4/83/f9/90/83f99033-fb9d-58d8-6e17-df35b6ba12df/mzaf_2412801904124381815.plus.aac.p.m4a,https://is1-ssl.mzstatic.com/image/thumb/Music115/v4/f8/ac/ec/f8acec21-40e2-fa91-fe61-1be3cbc1467a/mzi.jokpbtnf.jpg/100x100bb.jpg
6CgNoAbFJ4Q4Id4EjtbXlC,Boyce Avenue;Bea Miller,"Cover Sessions, Vol. 4",Photograph,67,260186,False,0.717,0.32,3,-8.393,1,0.0283,0.83,0.0,0.107,0.322,107.946,4,Singer/Songwriter,acoustic,https://audio-ssl.itunes.apple.com/itunes-assets/AudioPreview125/v4/31/9f/2e/319f2e82-85ef-342e-79b5-559eddfde60b/mzaf_15134256222325615379.plus.aac.p.m4a,https://is1-ssl.mzstatic.com/image/thumb/Music125/v4/40/ba/0c/40ba0c19-e901-81f3-c7bc-4a4b202d5ba5/2429825.jpg/100x100bb.jpg
3S0OXQeoh0w6AY8WQVckRW,Jason Mraz,We Sing. We Dance. We Steal Things.,I'm Yours,75,242946,False,0.703,0.444,11,-9.331,1,0.0417,0.559,0.0,0.0973,0.712,150.96,4,Pop,acoustic,https://audio-ssl.itunes.apple.com/itunes-assets/AudioPreview221/v4/63/7d/21/637d21cb-2e4b-a845-bd85-fb327e04464a/mzaf_14367811252980822947.plus.aac.p.m4a,https://is1-ssl.mzstatic.com/image/thumb/Music115/v4/f8/ac/ec/f8acec21-40e2-fa91-fe61-1be3cbc1467a/mzi.jokpbtnf.jpg/100x100bb.jpg
210JCw2LbYD4YIs8GiZ9iP,Boyce Avenue;Jennel Garcia,"Cover Sessions, Vol. 3",Demons,63,174174,False,0.678,0.351,0,-8.654,1,0.0266,0.747,0.0,0.355,0.569,90.032,4,Singer/Songwriter,acoustic,https://audio-ssl.itunes.apple.com/itunes-assets/AudioPreview125/v4/1d/36/1e/1d361e92-54ae-7b52-deba-59470f16842d/mzaf_8639038071482556049.plus.aac.p.m4a,https://is1-ssl.mzstatic.com/image/thumb/Music125/v4/07/62/6e/07626e49-93e1-4be1-f3b7-b72fef517439/2357723.jpg/100x100bb.jpg
5TvE3pk05pyFIGdSY9j4DJ,A Great Big World;Christina Aguilera,Is There Anybody Out There? - Track by Track Commentary,Say Something,70,229400,False,0.407,0.147,2,-8.822,1,0.0355,0.857,2.89e-06,0.0913,0.0765,141.284,3,Pop,acoustic,https://audio-ssl.itunes.apple.com/itunes-assets/AudioPreview115/v4/61/59/6d/61596d88-b3fd-bcf0-2572-f805d976d291/mzaf_5012302252314646019.plus.aac.p.m4a,https://is1-ssl.mzstatic.com/image/thumb/Music125/v4/f4/19/56/f41956df-120e-321f-a1cb-626b48c14ab6/886444314022.jpg/100x100bb.jpg
0BUuuEvNa5T4lMaewyiudB,Jason Mraz,Coffee Moment,93 Million Miles,0,216386,False,0.572,0.454,3,-10.286,1,0.0258,0.477,1.37e-05,0.0974,0.515,140.182,4,Pop,acoustic,https://audio-ssl.itunes.apple.com/itunes-assets/AudioPreview211/v4/24/e1/ec/24e1ec92-ae06-5e34-198d-daf43f7e6137/mzaf_13274914157391185341.plus.aac.p.m4a,https://is1-ssl.mzstatic.com/image/thumb/Music115/v4/2c/ac/8a/2cac8ac4-cb90-ac44-0808-a8e3ccbe05d0/075679962577.jpg/100x100bb.jpg
3Hn3LfhrQOaKihdCibJsTs,Jason Mraz,Human - Best Adult Pop Tunes,Unlonely,0,231266,False,0.796,0.667,5,-4.831,0,0.0392,0.381,0.0,0.221,0.754,97.988,4,Pop,acoustic,https://audio-ssl.itunes.apple.com/itunes-assets/AudioPreview211/v4/0b/0f/e2/0b0fe268-0a78-d181-2a58-b93e474e0ced/mzaf_4935699171883472881.plus.aac.p.m4a,https://is1-ssl.mzstatic.com/image/thumb/Music211/v4/0c/61/e0/0c61e0ba-3d28-a405-9c22-5f8ce17c2dab/5059460445710.jpg/100x100bb.jpg
6D33wCKzWtNEgOovgeVJ7r,Jason Mraz,Mellow Adult Pop,Bella Luna,1,302346,False,0.755,0.454,9,-9.609,0,0.0352,0.757,0.0,0.236,0.33,120.06,4,Pop,acoustic,https://audio-ssl.itunes.apple.com/itunes-assets/AudioPreview115/v4/5f/97/7f/5f977fa4-cba5-38fc-f8c9-02c0381ef379/mzaf_6443713419788438900.plus.aac.p.m4a,https://is1-ssl.mzstatic.com/image/thumb/Music/ba/68/ee/mzi.kddunpxa.jpg/100x100bb.jpg
5IfCZDRXZrqZSm8AwE44PG,Jason Mraz,Holly Jolly Christmas,Winter Wonderland,0,131760,False,0.62,0.309,5,-9.209,1,0.0495,0.788,0.0,0.146,0.664,145.363,4,Holiday,acoustic,https://audio-ssl.itunes.apple.com/itunes-assets/AudioPreview211/v4/1a/43/a7/1a43a7da-2a27-f469-2167-af9fb6c6b916/mzaf_2621449159457078252.plus.aac.p.m4a,https://is1-ssl.mzstatic.com/image/thumb/Music126/v4/6c/bc/55/6cbc55e7-1b9e-5acf-1dfb-58af5b873967/12UMDIM00877.rgb.jpg/100x100bb.jpg
0dzKBptH2P5j5a0MifBMwM,Jason Mraz,Feeling Good - Adult Pop Favorites,If It Kills Me,0,273653,False,0.633,0.429,4,-6.784,0,0.0381,0.0444,0.0,0.132,0.52,143.793,4,Pop,acoustic,https://audio-ssl.itunes.apple.com/itunes-assets/AudioPreview211/v4/93/cf/00/93cf0077-b9c4-4820-b819-653e69bd2737/mzaf_5354201290120269806.plus.aac.p.m4a,https://is1-ssl.mzstatic.com/image/thumb/Music125/v4/c6/0f/b4/c60fb4fe-dbac-b3cd-0b09-edae061c2753/mzi.atqvgjqt.jpg/100x100bb.jpg
5QAMZTM5cmLg3fHX9ZbTZi,Jason Mraz,Christmas Time,Winter Wonderland,0,131760,False,0.62,0.309,5,-9.209,1,0.0495,0.788,0.0,0.146,0.664,145.363,4,Holiday,acoustic,https://audio-ssl.itunes.apple.com/itunes-assets/AudioPreview211/v4/1a/43/a7/1a43a7da-2a27-f469-2167-af9fb6c6b916/mzaf_2621449159457078252.plus.aac.p.m4a,https://is1-ssl.mzstatic.com/image/thumb/Music126/v4/6c/bc/55/6cbc55e7-1b9e-5acf-1dfb-58af5b873967/12UMDIM00877.rgb.jpg/100x100bb.jpg
2qESE1ZeWly7I3YjyTXmXh,Jason Mraz,Perfect Christmas Hits,Winter Wonderland,0,131760,False,0.62,0.309,5,-9.209,1,0.0495,0.788,0.0,0.146,0.664,145.363,4,Holiday,acoustic,https://audio-ssl.itunes.apple.com/itunes-assets/AudioPreview211/v4/1a/43/a7/1a43a7da-2a27-f469-2167-af9fb6c6b916/mzaf_2621449159457078252.plus.aac.p.m4a,https://is1-ssl.mzstatic.com/image/thumb/Music126/v4/6c/bc/55/6cbc55e7-1b9e-5acf-1dfb-58af5b873967/12UMDIM00877.rgb.jpg/100x100bb.jpg
3EQV1ZHtHvq9OnVRYIdbg3,Jason Mraz,Merry Christmas,Winter Wonderland,0,131760,False,0.62,0.309,5,-9.209,1,0.0495,0.788,0.0,0.146,0.664,145.363,4,Holiday,acoustic,https://audio-ssl.itunes.apple.com/itunes-assets/AudioPreview211/v4/1a/43/a7/1a43a7da-2a27-f469-2167-af9fb6c6b916/mzaf_2621449159457078252.plus.aac.p.m4a,https://is1-ssl.mzstatic.com/image/thumb/Music126/v4/6c/bc/55/6cbc55e7-1b9e-5acf-1dfb-58af5b873967/12UMDIM00877.rgb.jpg/100x100bb.jpg
3ax0rfGb7exLtl02LL08U9,Jason Mraz,Christmas Music - Holiday Hits,Winter Wonderland,0,131760,False,0.62,0.309,5,-9.209,1,0.0495,0.788,0.0,0.146,0.664,145.363,4,Holiday,acoustic,https://audio-ssl.itunes.apple.com/itunes-assets/AudioPreview211/v4/1a/43/a7/1a43a7da-2a27-f469-2167-af9fb6c6b916/mzaf_2621449159457078252.plus.aac.p.m4a,https://is1-ssl.mzstatic.com/image/thumb/Music126/v4/6c/bc/55/6cbc55e7-1b9e-5acf-1dfb-58af5b873967/12UMDIM00877.rgb.jpg/100x100bb.jpg
1m5LC29RE52Bxy7hxvpOlL,Chord Overstreet,Christmas Country Songs 2022,All I Want For Christmas Is A Real Good Tan,0,234186,False,0.593,0.455,6,-8.192,1,0.0388,0.366,0.0,0.0914,0.564,202.019,4,Holiday,acoustic,https://audio-ssl.itunes.apple.com/itunes-assets/AudioPreview211/v4/43/3c/ca/433cca85-d88d-5eed-2784-621b001ab53d/mzaf_7852978289612608608.plus.aac.p.m4a,https://is1-ssl.mzstatic.com/image/thumb/Music124/v4/c1/eb/4c/c1eb4cab-5802-cc57-10b4-d7e2a96b7f15/17UM1IM40726.rgb.jpg/100x100bb.jpg
3H36x7buZdQD4687VmFrwY,Brandi Carlile;Sam Smith,Human - Best Adult Pop Tunes,Party of One,0,259558,False,0.296,0.206,0,-11.799,1,0.0412,0.782,0.000225,0.0959,0.202,165.4,4,Singer/Songwriter,acoustic,https://audio-ssl.itunes.apple.com/itunes-assets/AudioPreview125/v4/60/ac/72/60ac722d-8d51-d035-61cb-248b042926c5/mzaf_4909052126148865720.plus.aac.p.m4a,https://is1-ssl.mzstatic.com/image/thumb/Music124/v4/de/fb/dc/defbdc21-b070-7958-289f-13afa90186c2/075679885449.jpg/100x100bb.jpg
0xbMRcMFqxJq1Wa7tvWPtn,Brandi Carlile;Sam Smith,Feeling Good - Adult Pop Favorites,Party of One,0,259558,False,0.296,0.206,0,-11.799,1,0.0412,0.782,0.000225,0.0959,0.202,165.4,4,Singer/Songwriter,acoustic,https://audio-ssl.itunes.apple.com/itunes-assets/AudioPreview125/v4/60/ac/72/60ac722d-8d51-d035-61cb-248b042926c5/mzaf_4909052126148865720.plus.aac.p.m4a,https://is1-ssl.mzstatic.com/image/thumb/Music124/v4/de/fb/dc/defbdc21-b070-7958-289f-13afa90186c2/075679885449.jpg/100x100bb.jpg
6h061f44HZPj1OXO2nA45d,Brandi Carlile;Sam Smith,Mellow Bars R'n'B,Party of One,0,259558,False,0.296,0.206,0,-11.799,1,0.0412,0.782,0.000225,0.0959,0.202,165.4,4,Singer/Songwriter,acoustic,https://audio-ssl.itunes.apple.com/itunes-assets/AudioPreview125/v4/60/ac/72/60ac722d-8d51-d035-61cb-248b042926c5/mzaf_4909052126148865720.plus.aac.p.m4a,https://is1-ssl.mzstatic.com/image/thumb/Music124/v4/de/fb/dc/defbdc21-b070-7958-289f-13afa90186c2/075679885449.jpg/100x100bb.jpg
62EwQLDw0dprDzuLwQ0sH1,KT Tunstall,Chill Christmas Dinner,Lonely This Christmas,0,257493,False,0.409,0.153,6,-10.74,0,0.0306,0.939,2.56e-05,0.108,0.18,85.262,4,Pop,acoustic,https://audio-ssl.itunes.apple.com/itunes-assets/AudioPreview125/v4/c0/52/0a/c0520ab7-0d22-8fd7-73cd-3842716ded95/mzaf_6772460975472247485.plus.aac.p.m4a,https://is1-ssl.mzstatic.com/image/thumb/Music4/v4/2a/9e/82/2a9e8224-41db-71d4-45ae-1fa3ef1ecfcd/05099991878755.jpg/100x100bb.jpg
3lvo0I8c2qBJDLZWqExDgC,Brandi Carlile,rainy day indie,Throwing Good After Bad,0,247791,False,0.501,0.0952,2,-12.931,1,0.054,0.963,1.58e-05,0.0915,0.316,138.016,4,Singer/Songwriter,acoustic,https://audio-ssl.itunes.apple.com/itunes-assets/AudioPreview221/v4/d5/fd/ef/d5fdef09-fbd1-0c2e-278e-d8e7de2b2976/mzaf_5462810011753864695.plus.aac.p.m4a,https://is1-ssl.mzstatic.com/image/thumb/Music125/v4/0e/83/6f/0e836f03-ca3c-0688-d813-385658d909ca/075679786333.jpg/100x100bb.jpg
1ae8XfBQ3fDEvmBjFaemGV,Brandi Carlile,Coffee Moment,This Time Tomorrow,0,206267,False,0.606,0.326,10,-10.031,1,0.0294,0.841,0.0,0.139,0.414,91.626,4,Singer/Songwriter,acoustic,https://audio-ssl.itunes.apple.com/itunes-assets/AudioPreview211/v4/dc/fa/e1/dcfae180-dc03-426b-d05c-cda5560303a4/mzaf_2449920409695649580.plus.aac.p.m4a,https://is1-ssl.mzstatic.com/image/thumb/Music125/v4/0e/83/6f/0e836f03-ca3c-0688-d813-385658d909ca/075679786333.jpg/100x100bb.jpg
0adVktNVJXPZfhQe6B1NO5,KT Tunstall,sadsadchristmas,Lonely This Christmas,0,257493,False,0.409,0.153,6,-10.74,0,0.0306,0.939,2.56e-05,0.108,0.18,85.262,4,Pop,acoustic,https://audio-ssl.itunes.apple.com/itunes-assets/AudioPreview125/v4/c0/52/0a/c0520ab7-0d22-8fd7-73cd-3842716ded95/mzaf_6772460975472247485.plus.aac.p.m4a,https://is1-ssl.mzstatic.com/image/thumb/Music4/v4/2a/9e/82/2a9e8224-41db-71d4-45ae-1fa3ef1ecfcd/05099991878755.jpg/100x100bb.jpg
6sp6Vx3sv2l5qxPfbQkcyt,Eddie Vedder,Mega Hits Autumn/Fall 2022,The Haves,0,306794,False,0.474,0.519,7,-5.291,1,0.0253,0.281,0.0,0.107,0.326,151.832,4,Rock,acoustic,https://audio-ssl.itunes.apple.com/itunes-assets/AudioPreview221/v4/8d/8c/8f/8d8c8fdd-a293-4abe-7f56-715ab2847b2f/mzaf_10140256233762587703.plus.aac.p.m4a,https://is1-ssl.mzstatic.com/image/thumb/Music126/v4/0b/da/20/0bda20ac-8f29-fc54-7f44-f9a6fba20c33/21UM1IM55929.rgb.jpg/100x100bb.jpg
1WFVfVjCtbmdIv7j3Fa9iy,Brandi Carlile,Mellow Adult Pop,When You're Wrong,0,266960,False,0.568,0.301,10,-10.163,0,0.0373,0.796,3.37e-06,0.118,0.142,88.029,4,Singer/Songwriter,acoustic,https://audio-ssl.itunes.apple.com/itunes-assets/AudioPreview221/v4/85/0a/98/850a98e9-83c9-a970-af40-0f4d84b8430a/mzaf_17651027959987313967.plus.aac.p.m4a,https://is1-ssl.mzstatic.com/image/thumb/Music125/v4/0e/83/6f/0e836f03-ca3c-0688-d813-385658d909ca/075679786333.jpg/100x100bb.jpg
0e5PAxSyZ5DWWVqKANHETz,Brandi Carlile;Lucius,Country Car Hits,You and Me on the Rock,0,230098,False,0.568,0.686,1,-6.635,1,0.033,0.15,1.81e-06,0.0881,0.725,172.075,4,Singer/Songwriter,acoustic,https://audio-ssl.itunes.apple.com/itunes-assets/AudioPreview221/v4/72/86/ac/7286ac08-02f4-119c-74cc-e27241710dfe/mzaf_1985969206397043962.plus.aac.p.m4a,https://is1-ssl.mzstatic.com/image/thumb/Music125/v4/0e/83/6f/0e836f03-ca3c-0688-d813-385658d909ca/075679786333.jpg/100x100bb.jpg
1MLr9b1fOybO3MGiLy47Ys,Brandi Carlile;Lucius,Country Road Songs,You and Me on the Rock,0,230098,False,0.568,0.686,1,-6.635,1,0.033,0.15,1.81e-06,0.0881,0.725,172.075,4,Singer/Songwriter,acoustic,https://audio-ssl.itunes.apple.com/itunes-assets/AudioPreview221/v4/72/86/ac/7286ac08-02f4-119c-74cc-e27241710dfe/mzaf_1985969206397043962.plus.aac.p.m4a,https://is1-ssl.mzstatic.com/image/thumb/Music125/v4/0e/83/6f/0e836f03-ca3c-0688-d813-385658d909ca/075679786333.jpg/100x100bb.jpg
6JGjevTaqr9J1xp7YvYUKF,Brandi Carlile,Finest Country,"Speak Your Mind (From the Netflix Series ""We The People"")",0,193943,False,0.476,0.666,6,-3.438,1,0.0446,0.314,0.0,0.342,0.498,148.155,4,Soundtrack,acoustic,https://audio-ssl.itunes.apple.com/itunes-assets/AudioPreview115/v4/e0/18/58/e0185867-3dc0-87a6-c9cc-7d8c2d29f8e9/mzaf_9925840659845133763.plus.aac.p.m4a,https://is1-ssl.mzstatic.com/image/thumb/Music115/v4/43/46/e0/4346e017-3e75-2ef7-59db-abcb6ea38adc/075679778130.jpg/100x100bb.jpg
7Af2YlwMZryKOQiRfwMsD2,Brandi Carlile;Lucius,Easy Country,You and Me on the Rock,0,230098,False,0.568,0.686,1,-6.635,1,0.033,0.15,1.81e-06,0.0881,0.725,172.075,4,Singer/Songwriter,acoustic,https://audio-ssl.itunes.apple.com/itunes-assets/AudioPreview221/v4/72/86/ac/7286ac08-02f4-119c-74cc-e27241710dfe/mzaf_1985969206397043962.plus.aac.p.m4a,https://is1-ssl.mzstatic.com/image/thumb/Music125/v4/0e/83/6f/0e836f03-ca3c-0688-d813-385658d909ca/075679786333.jpg/100x100bb.jpg
3RE5nHIVkC4KcA7snFaTKd,Brandi Carlile;Lucius,Cozy Country,You and Me on the Rock,0,230098,False,0.568,0.686,1,-6.635,1,0.033,0.15,1.81e-06,0.0881,0.725,172.075,4,Singer/Songwriter,acoustic,https://audio-ssl.itunes.apple.com/itunes-assets/AudioPreview221/v4/72/86/ac/7286ac08-02f4-119c-74cc-e27241710dfe/mzaf_1985969206397043962.plus.aac.p.m4a,https://is1-ssl.mzstatic.com/image/thumb/Music125/v4/0e/83/6f/0e836f03-ca3c-0688-d813-385658d909ca/075679786333.jpg/100x100bb.jpg
0JvkNRyq8Tmot9khpdtN0I,Brandi Carlile;Lucius,Good Times Country,You and Me on the Rock,0,230098,False,0.568,0.686,1,-6.635,1,0.033,0.15,1.81e-06,0.0881,0.725,172.075,4,Singer/Songwriter,acoustic,https://audio-ssl.itunes.apple.com/itunes-assets/AudioPreview221/v4/72/86/ac/7286ac08-02f4-119c-74cc-e27241710dfe/mzaf_1985969206397043962.plus.aac.p.m4a,https://is1-ssl.mzstatic.com/image/thumb/Music125/v4/0e/83/6f/0e836f03-ca3c-0688-d813-385658d909ca/075679786333.jpg/100x100bb.jpg
27gHtbsHClwimHFtKgFop4,Brandi Carlile;Lucius,Laidback Country,You and Me on the Rock,0,230098,False,0.568,0.686,1,-6.635,1,0.033,0.15,1.81e-06,0.0881,0.725,172.075,4,Singer/Songwriter,acoustic,https://audio-ssl.itunes.apple.com/itunes-assets/AudioPreview221/v4/72/86/ac/7286ac08-02f4-119c-74cc-e27241710dfe/mzaf_1985969206397043962.plus.aac.p.m4a,https://is1-ssl.mzstatic.com/image/thumb/Music125/v4/0e/83/6f/0e836f03-ca3c-0688-d813-385658d909ca/075679786333.jpg/100x100bb.jpg
1QBNBGeIRRGBnLhdlHbfI8,Brandi Carlile;Lucius,Chillin' It - Mellow Day Country,You and Me on the Rock,0,230098,False,0.568,0.686,1,-6.635,1,0.033,0.15,1.81e-06,0.0881,0.725,172.075,4,Singer/Songwriter,acoustic,https://audio-ssl.itunes.apple.com/itunes-assets/AudioPreview221/v4/72/86/ac/7286ac08-02f4-119c-74cc-e27241710dfe/mzaf_1985969206397043962.plus.aac.p.m4a,https://is1-ssl.mzstatic.com/image/thumb/Music125/v4/0e/83/6f/0e836f03-ca3c-0688-d813-385658d909ca/075679786333.jpg/100x100bb.jpg
72xTsTouZ5nBmASX8k1XCW,Highland Peak,Trampoline (Acoustic),Trampoline - Acoustic,46,213098,False,0.596,0.2,0,-10.424,0,0.0305,0.91,0.000183,0.0884,0.308,107.893,4,Pop,acoustic,https://audio-ssl.itunes.apple.com/itunes-assets/AudioPreview115/v4/79/c5/f8/79c5f846-14cc-6351-745d-222a12e1cf6d/mzaf_13305579279839471433.plus.aac.p.m4a,https://is1-ssl.mzstatic.com/image/thumb/Music113/v4/45/ad/f2/45adf22d-a955-89c4-6b53-c30729445df9/7330065022048.png/100x100bb.jpg
3ILmwMefYZoQh5Cf5jeuUQ,Motohiro Hata,Documentary,透明だった世界,61,232360,False,0.373,0.914,0,-4.185,1,0.0565,0.076,0.0,0.669,0.56,168.21,4,J-Pop,acoustic,https://audio-ssl.itunes.apple.com/itunes-assets/AudioPreview125/v4/87/9d/79/879d7966-d9ec-910e-6185-fd1336ac4dbf/mzaf_16210435741700855208.plus.aac.p.m4a,https://is1-ssl.mzstatic.com/image/thumb/Music128/v4/db/1b/02/db1b0254-fdde-613c-da4a-c7ae8e4d68b9/00602557538106.rgb.jpg/100x100bb.jpg
2DHDuADAHoUW6n0z80RLQF,Andrew Belle,Black Bear,Pieces,60,241119,False,0.494,0.652,6,-5.863,0,0.0314,0.0754,0.00256,0.125,0.298,137.018,4,Singer/Songwriter,acoustic,https://audio-ssl.itunes.apple.com/itunes-assets/AudioPreview116/v4/58/0e/bd/580ebd60-24ab-ca85-276f-895af66b4ca2/mzaf_3807935850942785891.plus.aac.p.m4a,https://is1-ssl.mzstatic.com/image/thumb/Music126/v4/46/09/8a/46098a48-d406-7097-1068-ad4f25fc675e/859718139744_cover.jpg/100x100bb.jpg
5JDcQAztvZTIkrWoZihgvC,Ron Pope,The Bedroom Demos,A Drop in the Ocean,68,220239,False,0.447,0.393,5,-8.65,1,0.038,0.785,0.0,0.28,0.564,73.139,3,Rock,acoustic,https://audio-ssl.itunes.apple.com/itunes-assets/AudioPreview115/v4/2f/c1/de/2fc1de50-933f-f2ed-e7db-dc6bb7d92065/mzaf_14611114467658300769.plus.aac.p.m4a,https://is1-ssl.mzstatic.com/image/thumb/Music/58/ba/59/mzi.szvkrayp.jpg/100x100bb.jpg
2sYFi9xVSZ56WHKSY2fN1K,Adam Christopher,So Far Away (Acoustic),So Far Away - Acoustic,52,171543,False,0.576,0.331,6,-9.389,0,0.0306,0.894,3.44e-05,0.129,0.407,149.02,4,Pop,acoustic,https://audio-ssl.itunes.apple.com/itunes-assets/AudioPreview115/v4/9c/09/d0/9c09d0bb-d63f-e0bb-0afd-88a62923c8d3/mzaf_2550220605867214219.plus.aac.p.m4a,https://is1-ssl.mzstatic.com/image/thumb/Music115/v4/21/88/fe/2188feeb-ee6e-ddfc-249a-51531347f753/425.jpg/100x100bb.jpg
6xJOhSm4SvZwzy3uhWz26O,Andrew Belle,Black Bear,The Enemy,62,286865,False,0.536,0.89,1,-5.222,1,0.0375,0.078,0.0202,0.131,0.273,121.974,4,Singer/Songwriter,acoustic,https://audio-ssl.itunes.apple.com/itunes-assets/AudioPreview116/v4/84/a5/b6/84a5b670-eb21-7ab2-10fc-08d80440f75c/mzaf_10450582216294547007.plus.aac.p.m4a,https://is1-ssl.mzstatic.com/image/thumb/Music126/v4/46/09/8a/46098a48-d406-7097-1068-ad4f25fc675e/859718139744_cover.jpg/100x100bb.jpg
7lLKxcNeJtDTWVRKHovLEC,Aron Wright,Build It Better,Build It Better,51,234473,False,0.526,0.333,4,-13.02,1,0.0314,0.91,0.168,0.111,0.159,94.951,4,Singer/Songwriter,acoustic,https://audio-ssl.itunes.apple.com/itunes-assets/AudioPreview122/v4/4f/91/e4/4f91e4ff-8f7b-c7cd-9c76-bc744094e93f/mzaf_8448628595266677009.plus.aac.p.m4a,https://is1-ssl.mzstatic.com/image/thumb/Music122/v4/31/3c/08/313c08e1-143a-fb1d-7bcf-c5a1c25e8cb9/859714458634_cover.jpg/100x100bb.jpg
25UzeaV47eDT44Fovve6xQ,Chord Overstreet,Sleepwalking in the Rain,Sleepwalking in the Rain,0,216000,False,0.501,0.381,0,-9.448,1,0.036,0.687,0.00133,0.119,0.502,80.075,4,Indie Pop,acoustic,https://audio-ssl.itunes.apple.com/itunes-assets/AudioPreview122/v4/92/b8/26/92b826db-9411-9a44-a0b7-f3f0d97659d7/mzaf_126696896551493065.plus.aac.p.m4a,https://is1-ssl.mzstatic.com/image/thumb/Music122/v4/78/b2/fb/78b2fb08-b0d5-8b71-ab33-256e203c302b/790566201019_cover.jpg/100x100bb.jpg
4oa14QBfWRDfJy2agySy0L,Sara Bareilles,Little Voice,Gravity,67,232760,False,0.27,0.275,0,-10.357,1,0.0356,0.834,0.0,0.146,0.231,168.964,4,Singer/Songwriter,acoustic,https://audio-ssl.itunes.apple.com/itunes-assets/AudioPreview211/v4/72/ef/2b/72ef2bf6-ffda-ec5f-fbc6-bc2819cda06b/mzaf_14938139011889465542.plus.aac.p.m4a,https://is1-ssl.mzstatic.com/image/thumb/Music211/v4/8a/22/1c/8a221cd8-015e-6221-c0eb-fc3ccfa5a37c/827969482124.jpg/100x100bb.jpg
2gRKq9rIC5i1zuxp06zJWH,Chord Overstreet,What's Left of You,What's Left of You,57,178600,True,0.731,0.507,0,-6.477,1,0.046,0.572,0.0,0.0912,0.265,117.969,4,Pop,acoustic,https://audio-ssl.itunes.apple.com/itunes-assets/AudioPreview124/v4/31/35/a6/3135a66d-1e74-7065-1c89-a92f627a67e3/mzaf_13215900456475639005.plus.aac.p.m4a,https://is1-ssl.mzstatic.com/image/thumb/Music124/v4/e5/df/43/e5df43c2-96ad-8dad-f904-629f4efb6afd/cover.jpg/100x100bb.jpg
08MFgEQeVLF37EyZ7jcwLc,Zack Tabudlo,Pano,Pano,75,254400,False,0.375,0.457,3,-7.018,1,0.0315,0.868,0.0145,0.191,0.415,174.839,3,Pop,acoustic,https://audio-ssl.itunes.apple.com/itunes-assets/AudioPreview126/v4/41/76/27/417627ec-544e-2fa0-f323-d170a720417a/mzaf_8351637792344904158.plus.aac.p.m4a,https://is1-ssl.mzstatic.com/image/thumb/Music126/v4/a9/d1/e3/a9d1e357-114d-35ba-0373-346f360007e1/21UM1IM48862.rgb.jpg/100x100bb.jpg
6nXIYClvJAfi6ujLiKqEq8,Andrew Belle,The Daylight EP,Sky's Still Blue,62,244320,False,0.43,0.791,6,-5.419,0,0.0302,0.0726,0.0193,0.11,0.217,171.864,4,Singer/Songwriter,acoustic,https://audio-ssl.itunes.apple.com/itunes-assets/AudioPreview125/v4/66/93/0a/66930aaa-8bf5-be2d-08f2-ab2c53ea7ebe/mzaf_15219915253462876364.plus.aac.p.m4a,https://is1-ssl.mzstatic.com/image/thumb/Music/09/49/7f/mzi.uexxglmr.tif/100x100bb.jpg
7x4b0UccXSKBWxWmjcrG2T,Kurt Cobain,Montage Of Heck: The Home Recordings,And I Love Her,66,124933,False,0.616,0.282,1,-15.317,1,0.0331,0.983,0.833,0.13,0.435,96.638,4,Rock,acoustic,https://audio-ssl.itunes.apple.com/itunes-assets/AudioPreview115/v4/a8/e9/d8/a8e9d8dc-aa60-eee8-ae7a-b15c3f02c858/mzaf_3681668398348665042.plus.aac.p.m4a,https://is1-ssl.mzstatic.com/image/thumb/Music125/v4/d6/c3/db/d6c3db6c-8fa0-2132-f323-41ffe66fed3f/00602547607089.rgb.jpg/100x100bb.jpg
6owKuyHxUqidcAA6fPKSyy,Boyce Avenue;Bea Miller,"Cover Sessions, Vol. 3",We Can't Stop,64,222146,False,0.705,0.347,2,-8.249,1,0.0301,0.674,0.0,0.12,0.36,80.057,4,Singer/Songwriter,acoustic,https://audio-ssl.itunes.apple.com/itunes-assets/AudioPreview125/v4/bb/05/50/bb055091-8f4f-f32e-bbea-73904cd744bd/mzaf_2914919221441822401.plus.aac.p.m4a,https://is1-ssl.mzstatic.com/image/thumb/Music125/v4/07/62/6e/07626e49-93e1-4be1-f3b7-b72fef517439/2357723.jpg/100x100bb.jpg
0wbmIfvndFV9VDvuUY1pYN,Tim Halperin,Covers,Always Be My Baby,62,181852,False,0.582,0.255,4,-10.254,1,0.0306,0.772,0.0,0.0889,0.285,139.884,4,Pop,acoustic,https://audio-ssl.itunes.apple.com/itunes-assets/AudioPreview126/v4/8c/9b/b8/8c9bb8b1-7c6d-cc81-615f-5a423183fe52/mzaf_3911954096985275050.plus.aac.p.m4a,https://is1-ssl.mzstatic.com/image/thumb/Music116/v4/a0/52/61/a05261ef-d646-1f1b-0752-9fa2bfbb8417/5054526364417.png/100x100bb.jpg
3e5yu9MkIvQx17mm7LF6KY,Canyon City,Midnight Waves,Alone with You,58,186584,False,0.549,0.274,1,-12.565,1,0.0379,0.798,6.63e-06,0.103,0.207,86.664,4,Singer/Songwriter,acoustic,https://audio-ssl.itunes.apple.com/itunes-assets/AudioPreview122/v4/bd/7e/3b/bd7e3bbd-c277-940e-e4f4-e74a0615b73d/mzaf_2239325677258649904.plus.aac.p.m4a,https://is1-ssl.mzstatic.com/image/thumb/Music211/v4/3e/e6/b2/3ee6b2d3-067d-eade-d9a9-92a92260f5c7/067003075466.png/100x100bb.jpg
6VwAh8Z1d5YKoSWoEaV4db,Aaron Espe,Making All Things New,Making All Things New,65,159600,False,0.787,0.355,0,-11.429,1,0.0288,0.896,0.0201,0.111,0.48,99.978,4,Singer/Songwriter,acoustic,https://audio-ssl.itunes.apple.com/itunes-assets/AudioPreview116/v4/98/11/8e/98118e24-4a89-3026-f385-46626cdf7ec0/mzaf_18155515291257052270.plus.aac.p.m4a,https://is1-ssl.mzstatic.com/image/thumb/Music211/v4/f2/c8/41/f2c84193-7bac-0c9a-c95d-4a1e2457d47c/067003434355.png/100x100bb.jpg
2D4BSm5Z8Hq5zYbSgJwEOh,Sara Bareilles,What's Inside: Songs from Waitress,She Used To Be Mine,67,250266,False,0.397,0.303,5,-7.508,1,0.0435,0.381,0.0,0.101,0.172,81.05,4,Alternativo,acoustic,"https://cdnt-preview.dzcdn.net/api/1/1/5/4/2/0/542d5adc8c483427280ed0788f662ca8.mp3?hdnea=exp=1785601222~acl=/api/1/1/5/4/2/0/542d5adc8c483427280ed0788f662ca8.mp3*~data=user_id=0,application_id=42~hmac=6d415d5023f92612cd8937a05dd011b364031afe12648744f96624ca7572eb40",https://cdn-images.dzcdn.net/images/cover/c75d50ec71519c41a3193da456f1236b/250x250-000000-80-0-0.jpg
7LwGBxB0h0CVmkOZxYKn0g,Andrew Belle,In My Veins (Feat. Erin Mccarley),In My Veins - Feat. Erin Mccarley,65,318908,False,0.548,0.42,0,-7.842,1,0.0277,0.198,4.46e-06,0.0899,0.196,128.012,4,Pop,acoustic,https://audio-ssl.itunes.apple.com/itunes-assets/AudioPreview221/v4/53/a3/10/53a3100d-7574-32c9-d280-e84e27b7a8de/mzaf_14972749816246747145.plus.aac.p.m4a,https://is1-ssl.mzstatic.com/image/thumb/Music211/v4/40/41/e8/4041e832-bc84-1f83-4e89-3cbd279cb479/859703714536_cover.jpg/100x100bb.jpg
0ZwdH0m32I8odedwvspYTh,Tyler Ward,Under Covers,I Don't Wanna Live Forever (Fifty Shades Darker),44,222351,False,0.787,0.403,0,-11.989,1,0.033,0.603,0.00857,0.131,0.264,118.042,4,Singer & Songwriter,acoustic,"https://cdnt-preview.dzcdn.net/api/1/1/3/6/f/0/36fa6250a3adf00600f9bb6581960c82.mp3?hdnea=exp=1785601223~acl=/api/1/1/3/6/f/0/36fa6250a3adf00600f9bb6581960c82.mp3*~data=user_id=0,application_id=42~hmac=e21f01de7a2df38db5c2c6013d87c7d2dfbe89bb3418ad5652278b2674554a78",https://cdn-images.dzcdn.net/images/cover/e73187ab55b48c53dc925eadb3a764bb/250x250-000000-80-0-0.jpg
16dkWKIlBsfYTISCVuDs0w,Ron Pope,Whatever It Takes,A Drop In the Ocean,55,219480,False,0.484,0.573,5,-6.183,1,0.0298,0.0882,1.14e-06,0.15,0.346,139.966,3,Rock,acoustic,"https://cdnt-preview.dzcdn.net/api/1/1/a/0/d/0/a0d9919f43aa98ae18defd0d75dd2a06.mp3?hdnea=exp=1785601214~acl=/api/1/1/a/0/d/0/a0d9919f43aa98ae18defd0d75dd2a06.mp3*~data=user_id=0,application_id=42~hmac=c6a9dad50306880c46822096749840cf1bf105a69ec1c397ec2766d762c7a277",https://cdn-images.dzcdn.net/images/cover/29110f81c7ccc2602a9170f8d48e9792/250x250-000000-80-0-0.jpg
3TwtrR1yNLY1PMPsrGQpOp,Five For Fighting,America Town,Superman (It's Not Easy),70,221693,False,0.382,0.416,0,-9.303,1,0.0302,0.0733,0.0,0.0719,0.125,102.089,4,Rock,acoustic,https://audio-ssl.itunes.apple.com/itunes-assets/AudioPreview221/v4/ee/31/be/ee31bec3-3311-34fd-5707-bdf34ca254ca/mzaf_910599530402852369.plus.aac.p.m4a,https://is1-ssl.mzstatic.com/image/thumb/Music221/v4/3b/60/46/3b604692-e7e2-f35f-01e2-4dd66e4eaf63/074648514922.jpg/100x100bb.jpg
3Et4LKZLnXygPYfNdeB3D3,Andrew Belle,Dive Deep,When the End Comes,57,354400,False,0.541,0.575,9,-9.463,1,0.0491,0.677,0.215,0.102,0.428,91.98,4,Singer/Songwriter,acoustic,https://audio-ssl.itunes.apple.com/itunes-assets/AudioPreview125/v4/89/4e/66/894e66e1-7b77-6abf-2673-fbb99aca8dcd/mzaf_8271824451958085770.plus.aac.p.m4a,https://is1-ssl.mzstatic.com/image/thumb/Music114/v4/8f/1f/d7/8f1fd769-a4f4-8172-aaee-d61156289120/859720100718_cover.jpg/100x100bb.jpg
2E9viCx0hJKNKNThd2MdGQ,Bailey Jehl,You're Still The One,You're Still The One,56,177500,False,0.607,0.473,2,-8.555,1,0.034,0.712,0.0,0.66,0.54,119.698,4,Pop,acoustic,"https://cdnt-preview.dzcdn.net/api/1/1/5/e/6/0/5e6209b7e3fe5aedcb346cebcc7b0e82.mp3?hdnea=exp=1785601223~acl=/api/1/1/5/e/6/0/5e6209b7e3fe5aedcb346cebcc7b0e82.mp3*~data=user_id=0,application_id=42~hmac=be5494dd6324501772eb0583f88436a79fc74792b1854668f02bd2b6e9ee3789",https://cdn-images.dzcdn.net/images/cover/70968b11ea1cd200313e9f1fe41e04bf/250x250-000000-80-0-0.jpg
0Zf1BPkkFAWGtVHeBwHHz4,Ingrid Michaelson,It Doesn't Have To Make Sense,Light Me Up,56,247840,False,0.417,0.595,6,-7.84,1,0.0396,0.158,0.000269,0.101,0.117,147.928,4,Pop,acoustic,https://audio-ssl.itunes.apple.com/itunes-assets/AudioPreview115/v4/25/ab/bd/25abbde0-58b6-1a34-9a2b-d687410c7452/mzaf_14966106803443457613.plus.aac.p.m4a,https://is1-ssl.mzstatic.com/image/thumb/Music124/v4/58/f3/e9/58f3e92d-4b1b-2ee4-f1b9-35378ba42817/20UMGIM26395.rgb.jpg/100x100bb.jpg
38jy6kRlPt8z1GUS9WXeNh,Jason Mraz,Love Is a Four Letter Word,93 Million Miles,67,216386,False,0.572,0.454,3,-10.286,1,0.0258,0.477,1.37e-05,0.0974,0.515,140.182,4,Pop,acoustic,https://audio-ssl.itunes.apple.com/itunes-assets/AudioPreview211/v4/24/e1/ec/24e1ec92-ae06-5e34-198d-daf43f7e6137/mzaf_13274914157391185341.plus.aac.p.m4a,https://is1-ssl.mzstatic.com/image/thumb/Music115/v4/2c/ac/8a/2cac8ac4-cb90-ac44-0808-a8e3ccbe05d0/075679962577.jpg/100x100bb.jpg
2SkJKMfjpYsNv0KWOxiegX,A Great Big World,When the Morning Comes,Kaleidoscope,62,229320,False,0.709,0.913,7,-5.148,1,0.0748,0.0182,0.0,0.167,0.519,108.024,4,Pop,acoustic,"https://cdnt-preview.dzcdn.net/api/1/1/a/6/f/0/a6fe1268d238d65f2cbdca89d83f3f04.mp3?hdnea=exp=1785601222~acl=/api/1/1/a/6/f/0/a6fe1268d238d65f2cbdca89d83f3f04.mp3*~data=user_id=0,application_id=42~hmac=d74b532d3672f7393e45e8dab234252eac114f7b1faa7257b06a29aea2bf5f83",https://cdn-images.dzcdn.net/images/cover/2df7af7161aa06d4e62eaaea7babcee9/250x250-000000-80-0-0.jpg
4qCbMMMuEB56kHd4zPE6GD,Eddie Vedder;Nusrat Fateh Ali Khan,"Eat, Pray, Love",The Long Road,45,330933,False,0.537,0.342,2,-13.553,1,0.0273,0.645,0.266,0.0687,0.253,109.236,4,Soundtrack,acoustic,https://audio-ssl.itunes.apple.com/itunes-assets/AudioPreview115/v4/62/6a/c1/626ac144-b09a-f116-c933-0e900f234a10/mzaf_12596984171908155920.plus.aac.p.m4a,https://is1-ssl.mzstatic.com/image/thumb/Music125/v4/e6/be/10/e6be1074-da9a-6c6a-d0af-f02e6bc1ea9b/mzi.txxyzhsb.jpg/100x100bb.jpg
11TK5KLtLZUdKr1C549bAw,Drew Holcomb & The Neighbors,Good Light,What Would I Do Without You,64,172213,False,0.602,0.336,8,-11.106,1,0.0369,0.883,0.0017,0.143,0.335,90.894,4,Rock,acoustic,https://audio-ssl.itunes.apple.com/itunes-assets/AudioPreview211/v4/52/2f/cd/522fcd1d-6ecf-91bb-3569-816ac767306a/mzaf_17682655049863918209.plus.aac.p.m4a,https://is1-ssl.mzstatic.com/image/thumb/Music221/v4/54/75/4d/54754dbb-c9e8-a61b-8592-b384cd4d9a9b/cover_798304248319.jpg/100x100bb.jpg
7BXW1QCg56yzEBV8pW8pah,Jason Mraz,Know.,Have It All,65,226106,False,0.643,0.638,1,-4.947,0,0.0407,0.204,0.0,0.0707,0.6,82.001,4,Pop,acoustic,https://audio-ssl.itunes.apple.com/itunes-assets/AudioPreview221/v4/91/d7/61/91d761b7-ec25-0d36-4056-07e180b31957/mzaf_12278255356170128731.plus.aac.p.m4a,https://is1-ssl.mzstatic.com/image/thumb/Music114/v4/a0/3c/ab/a03cab3f-15da-aa8b-b770-4aad2d07164f/075679871503.jpg/100x100bb.jpg
2kMrCPZ0o5gErBPLCRgoli,Gabrielle Aplin,Mellow Adult Pop,Heavy Heart,0,235173,False,0.451,0.7,10,-6.597,0,0.0431,0.455,0.00233,0.405,0.37,150.055,4,Singer & Songwriter,acoustic,"https://cdnt-preview.dzcdn.net/api/1/1/e/0/1/0/e01ebba6844dcc7c6f6ab275c4a83d80.mp3?hdnea=exp=1785601214~acl=/api/1/1/e/0/1/0/e01ebba6844dcc7c6f6ab275c4a83d80.mp3*~data=user_id=0,application_id=42~hmac=4a96d58efba0d2394d6d1373ac5f353700f4c0adaac95926d6750aea74becc21",https://cdn-images.dzcdn.net/images/cover/fecd91c59dd9c5c0434b8baadfe1b574/250x250-000000-80-0-0.jpg
5IjTZ1g8KrIuV97N3OQZ0V,Gabrielle Aplin,Break Up Songs,The House We Never Built,0,195213,False,0.546,0.391,2,-10.786,0,0.063,0.784,2.72e-06,0.0552,0.202,139.669,4,Singer/Songwriter,acoustic,https://audio-ssl.itunes.apple.com/itunes-assets/AudioPreview125/v4/bf/e8/f9/bfe8f9ab-1dcb-0e46-7fd6-8436779b5d67/mzaf_9063899313394956838.plus.aac.p.m4a,https://is1-ssl.mzstatic.com/image/thumb/Music1/v4/75/60/2a/75602a83-3b7b-eb1d-070b-3cf234251d75/825646088102.jpg/100x100bb.jpg
3bHhUEOTIbezeZ856R0BX5,Eddie Vedder,Into The Wild (Music For The Motion Picture),Society,68,236306,False,0.561,0.327,11,-10.835,0,0.0327,0.902,0.000469,0.111,0.298,161.858,4,Rock,acoustic,"https://cdnt-preview.dzcdn.net/api/1/1/e/3/8/0/e38c0c4e1cea521a24338d304a355630.mp3?hdnea=exp=1785601214~acl=/api/1/1/e/3/8/0/e38c0c4e1cea521a24338d304a355630.mp3*~data=user_id=0,application_id=42~hmac=c643a86be6878154e9d32a49d690cfc6c065f78b60877c49452a1bc914ca3d97",https://cdn-images.dzcdn.net/images/cover/cb6767337e9806f133330c4a7698bdd4/250x250-000000-80-0-0.jpg
0wf17wsLRwnnfh241GkeH5,Gabrielle Aplin,u don't deserve me,Please Don't Say You Love Me,0,181400,False,0.479,0.541,0,-9.862,1,0.0543,0.74,0.0,0.108,0.3,85.994,4,Rock,acoustic,"https://cdnt-preview.dzcdn.net/api/1/1/9/1/f/0/91f33b83c72e4f0d73380ba62df728d8.mp3?hdnea=exp=1785601214~acl=/api/1/1/9/1/f/0/91f33b83c72e4f0d73380ba62df728d8.mp3*~data=user_id=0,application_id=42~hmac=566f0d95df84370af5ad9fdd6baee44d1d7d1179c5bf254ed90e3a1a51740412",https://cdn-images.dzcdn.net/images/cover/cfc3cc63ee42a4deb9b2a18d1d1284d8/250x250-000000-80-0-0.jpg
3322ArxAq7wCSZI4fF77Q0,Gabrielle Aplin,Coffee Moment,Please Don't Say You Love Me,0,181400,False,0.479,0.541,0,-9.862,1,0.0543,0.74,0.0,0.108,0.3,85.994,4,Rock,acoustic,"https://cdnt-preview.dzcdn.net/api/1/1/9/1/f/0/91f33b83c72e4f0d73380ba62df728d8.mp3?hdnea=exp=1785601220~acl=/api/1/1/9/1/f/0/91f33b83c72e4f0d73380ba62df728d8.mp3*~data=user_id=0,application_id=42~hmac=3c392f9758d36dde5cc0fb417147befff3f8eecfd6232101cee61777d2b3d316",https://cdn-images.dzcdn.net/images/cover/cfc3cc63ee42a4deb9b2a18d1d1284d8/250x250-000000-80-0-0.jpg
4LGF2tDg3878bs0mQPByZ4,Eddie Vedder,Into The Wild (Music For The Motion Picture),Guaranteed,61,164500,False,0.436,0.4,7,-11.485,1,0.0272,0.904,0.00105,0.125,0.351,100.734,4,Rock,acoustic,https://audio-ssl.itunes.apple.com/itunes-assets/AudioPreview125/v4/b6/a7/3f/b6a73f0f-814f-b4f9-4234-92e6ecb8a19d/mzaf_18128087718297202812.plus.aac.p.m4a,https://is1-ssl.mzstatic.com/image/thumb/Music115/v4/7d/20/b8/7d20b80e-a1eb-f983-4a06-9ce62297ee1a/00602567018261.rgb.jpg/100x100bb.jpg
6Uy6K3KdmUdAfelUp0SeXn,Sara Bareilles,The Blessed Unrest,Brave,70,220573,False,0.551,0.836,10,-3.838,0,0.0524,0.00502,2.1e-05,0.0425,0.758,185.063,4,Pop,acoustic,"https://cdnt-preview.dzcdn.net/api/1/1/5/6/7/0/567269876bab2b449eb3509be6e92563.mp3?hdnea=exp=1785601214~acl=/api/1/1/5/6/7/0/567269876bab2b449eb3509be6e92563.mp3*~data=user_id=0,application_id=42~hmac=900b5cef8ce7b2805a4af154d623605b17622b03c14be1b83fc9d63ae55c7778",https://cdn-images.dzcdn.net/images/cover/4cb2dd6bbf302f28521c999a48b7ee83/250x250-000000-80-0-0.jpg
2z2JKNU24UEngb4joR9p8f,KT Tunstall,Slow Christmas Songs 2022,Lonely This Christmas,0,257493,False,0.409,0.153,6,-10.74,0,0.0306,0.939,2.56e-05,0.108,0.18,85.262,4,Pop,acoustic,https://audio-ssl.itunes.apple.com/itunes-assets/AudioPreview125/v4/c0/52/0a/c0520ab7-0d22-8fd7-73cd-3842716ded95/mzaf_6772460975472247485.plus.aac.p.m4a,https://is1-ssl.mzstatic.com/image/thumb/Music4/v4/2a/9e/82/2a9e8224-41db-71d4-45ae-1fa3ef1ecfcd/05099991878755.jpg/100x100bb.jpg
2nef44o0sjJDKB1ta4S0ub,KT Tunstall,Lonely Christmas 2022,Lonely This Christmas,0,257493,False,0.409,0.153,6,-10.74,0,0.0306,0.939,2.56e-05,0.108,0.18,85.262,4,Pop,acoustic,https://audio-ssl.itunes.apple.com/itunes-assets/AudioPreview125/v4/c0/52/0a/c0520ab7-0d22-8fd7-73cd-3842716ded95/mzaf_6772460975472247485.plus.aac.p.m4a,https://is1-ssl.mzstatic.com/image/thumb/Music4/v4/2a/9e/82/2a9e8224-41db-71d4-45ae-1fa3ef1ecfcd/05099991878755.jpg/100x100bb.jpg
0qJGlogD7AyMLAJfQ42aI2,Five For Fighting,Bookmarks,Heaven Knows,62,210612,False,0.6,0.845,10,-7.076,1,0.0311,0.048,0.0,0.24,0.392,97.631,4,Pop,acoustic,"https://cdnt-preview.dzcdn.net/api/1/1/2/d/d/0/2dd13f8a449b1e0cbc253319f74d6b7d.mp3?hdnea=exp=1785601218~acl=/api/1/1/2/d/d/0/2dd13f8a449b1e0cbc253319f74d6b7d.mp3*~data=user_id=0,application_id=42~hmac=ac0b3b3a5ef3dd1baa058237cbd8dff9c1f7f1504114ef7d90dec46be93f4fc9",https://cdn-images.dzcdn.net/images/cover/586d3b5bed1dfb3ffb9384ecfe639c0c/250x250-000000-80-0-0.jpg
04JS6OitE9VGsIS3S94Osg,The Civil Wars,Slow Christmas Songs 2022,I Heard The Bells On Christmas Day,0,154440,False,0.492,0.145,2,-14.504,0,0.0422,0.872,9.68e-06,0.107,0.218,90.078,4,acoustic,acoustic,"https://cdnt-preview.dzcdn.net/api/1/1/6/8/4/0/684517231ede2c09ef905b89ee587c41.mp3?hdnea=exp=1785601222~acl=/api/1/1/6/8/4/0/684517231ede2c09ef905b89ee587c41.mp3*~data=user_id=0,application_id=42~hmac=9f1018f15bb685e171ed04a85de6a4ba7811d548884b1eda8b8d4838c70c2a0d",https://cdn-images.dzcdn.net/images/cover/cb1165af69c211576ebfadfff3caac60/250x250-000000-80-0-0.jpg
5OGpsZeJRZ3t3MZioawcZW,The Civil Wars,Alternative Christmas 2022,I Heard The Bells On Christmas Day,0,154440,False,0.492,0.145,2,-14.504,0,0.0422,0.872,9.68e-06,0.107,0.218,90.078,4,acoustic,acoustic,"https://cdnt-preview.dzcdn.net/api/1/1/6/8/4/0/684517231ede2c09ef905b89ee587c41.mp3?hdnea=exp=1785601214~acl=/api/1/1/6/8/4/0/684517231ede2c09ef905b89ee587c41.mp3*~data=user_id=0,application_id=42~hmac=61ba8f394bfa9b2d0db9800a76b8c37f2ac4ba2d18f7335434ab904a4cefafa9",https://cdn-images.dzcdn.net/images/cover/cb1165af69c211576ebfadfff3caac60/250x250-000000-80-0-0.jpg
3Vnes7v746dYzBn0FJTZ1W,KT Tunstall,Alternative Christmas 2022,Fairytale Of New York,0,263866,False,0.447,0.555,2,-6.018,1,0.0349,0.218,3.46e-06,0.124,0.33,117.888,3,Pop,acoustic,https://audio-ssl.itunes.apple.com/itunes-assets/AudioPreview125/v4/b0/64/96/b0649621-8ae9-70b4-831a-1157f6017f98/mzaf_3027144638288226185.plus.aac.p.m4a,https://is1-ssl.mzstatic.com/image/thumb/Music4/v4/2a/9e/82/2a9e8224-41db-71d4-45ae-1fa3ef1ecfcd/05099991878755.jpg/100x100bb.jpg
30cYWLpVdBZVLb1cYdmcTT,The Civil Wars,Acoustic Christmas Campfire,I Heard The Bells On Christmas Day,0,154440,False,0.492,0.145,2,-14.504,0,0.0422,0.872,9.68e-06,0.107,0.218,90.078,4,acoustic,acoustic,"https://cdnt-preview.dzcdn.net/api/1/1/6/8/4/0/684517231ede2c09ef905b89ee587c41.mp3?hdnea=exp=1785601222~acl=/api/1/1/6/8/4/0/684517231ede2c09ef905b89ee587c41.mp3*~data=user_id=0,application_id=42~hmac=9f1018f15bb685e171ed04a85de6a4ba7811d548884b1eda8b8d4838c70c2a0d",https://cdn-images.dzcdn.net/images/cover/cb1165af69c211576ebfadfff3caac60/250x250-000000-80-0-0.jpg
7sUqJ51FGSi3n7x4pYjY3v,The Civil Wars,Lonely Christmas 2022,I Heard The Bells On Christmas Day,0,154440,False,0.492,0.145,2,-14.504,0,0.0422,0.872,9.68e-06,0.107,0.218,90.078,4,acoustic,acoustic,"https://cdnt-preview.dzcdn.net/api/1/1/6/8/4/0/684517231ede2c09ef905b89ee587c41.mp3?hdnea=exp=1785601214~acl=/api/1/1/6/8/4/0/684517231ede2c09ef905b89ee587c41.mp3*~data=user_id=0,application_id=42~hmac=61ba8f394bfa9b2d0db9800a76b8c37f2ac4ba2d18f7335434ab904a4cefafa9",https://cdn-images.dzcdn.net/images/cover/cb1165af69c211576ebfadfff3caac60/250x250-000000-80-0-0.jpg
15BFn2VmEtonsXfNL1lUmy,The Civil Wars,Chill Christmas Dinner,I Heard The Bells On Christmas Day,0,154440,False,0.492,0.145,2,-14.504,0,0.0422,0.872,9.68e-06,0.107,0.218,90.078,4,acoustic,acoustic,"https://cdnt-preview.dzcdn.net/api/1/1/6/8/4/0/684517231ede2c09ef905b89ee587c41.mp3?hdnea=exp=1785601223~acl=/api/1/1/6/8/4/0/684517231ede2c09ef905b89ee587c41.mp3*~data=user_id=0,application_id=42~hmac=64e498680229946faa9ee65b118d102af38eff0d8b7ce8b9360b20bb6f150118",https://cdn-images.dzcdn.net/images/cover/cb1165af69c211576ebfadfff3caac60/250x250-000000-80-0-0.jpg
0WOFJR54wyTwLB11jcBDb1,The Civil Wars,sadsadchristmas,I Heard The Bells On Christmas Day,0,154440,False,0.492,0.145,2,-14.504,0,0.0422,0.872,9.68e-06,0.107,0.218,90.078,4,acoustic,acoustic,"https://cdnt-preview.dzcdn.net/api/1/1/6/8/4/0/684517231ede2c09ef905b89ee587c41.mp3?hdnea=exp=1785601218~acl=/api/1/1/6/8/4/0/684517231ede2c09ef905b89ee587c41.mp3*~data=user_id=0,application_id=42~hmac=2f98a92bd90610cad3274b96c70499f932600af95dec684613f6950e1f28abb5",https://cdn-images.dzcdn.net/images/cover/cb1165af69c211576ebfadfff3caac60/250x250-000000-80-0-0.jpg
1uDCw6LVMOmbZ6zRliNcNX,The Civil Wars,Christmas Country Songs 2022,I Heard The Bells On Christmas Day,0,154440,False,0.492,0.145,2,-14.504,0,0.0422,0.872,9.68e-06,0.107,0.218,90.078,4,acoustic,acoustic,"https://cdnt-preview.dzcdn.net/api/1/1/6/8/4/0/684517231ede2c09ef905b89ee587c41.mp3?hdnea=exp=1785601214~acl=/api/1/1/6/8/4/0/684517231ede2c09ef905b89ee587c41.mp3*~data=user_id=0,application_id=42~hmac=61ba8f394bfa9b2d0db9800a76b8c37f2ac4ba2d18f7335434ab904a4cefafa9",https://cdn-images.dzcdn.net/images/cover/cb1165af69c211576ebfadfff3caac60/250x250-000000-80-0-0.jpg
7DYsBLdOqz0z14tYWMt2Tn,KT Tunstall,Del gusto de mamá,Hold On,0,177613,False,0.661,0.937,4,-5.157,0,0.0979,0.322,1.04e-06,0.19,0.805,105.549,4,Rock,acoustic,"https://cdnt-preview.dzcdn.net/api/1/1/b/8/b/0/b8bd7a0c849ad3be7e217a6b6657362e.mp3?hdnea=exp=1785601214~acl=/api/1/1/b/8/b/0/b8bd7a0c849ad3be7e217a6b6657362e.mp3*~data=user_id=0,application_id=42~hmac=c14d5cf03a7fb30af68132c12ee1b21f3d0af5fe8ce149a227759d2b94fbb0d7",https://cdn-images.dzcdn.net/images/cover/79749092f07de36e425bebd644848802/250x250-000000-80-0-0.jpg
7cPuE0M35EajWPRO3nRcH8,KT Tunstall,OO's Music Grandi Successi,Suddenly I See,0,199040,False,0.603,0.78,0,-5.531,1,0.0438,0.139,0.0,0.164,0.693,100.499,4,Rock,acoustic,"https://cdnt-preview.dzcdn.net/api/1/1/d/8/0/0/d80f3db2915d786e8ea6fa4046125c44.mp3?hdnea=exp=1785601214~acl=/api/1/1/d/8/0/0/d80f3db2915d786e8ea6fa4046125c44.mp3*~data=user_id=0,application_id=42~hmac=c4ef095b71f07b0e1413410b53f6ecf459be4556d650ab06249630658f47df49",https://cdn-images.dzcdn.net/images/cover/b00b9ee9d0543257b70abf6b28aee606/250x250-000000-80-0-0.jpg
0U32q8CZRRo7xCzyiaZw5f,Motohiro Hata,言ノ葉,Rain,58,293040,False,0.626,0.655,9,-6.69,1,0.0263,0.503,0.0,0.13,0.542,92.003,4,Música asiática,acoustic,"https://cdnt-preview.dzcdn.net/api/1/1/f/a/3/0/fa38b941d81bcdde001dd9459b37da41.mp3?hdnea=exp=1785601220~acl=/api/1/1/f/a/3/0/fa38b941d81bcdde001dd9459b37da41.mp3*~data=user_id=0,application_id=42~hmac=04020a4dcb967f79426aa68364aa6d6d9181ac892f17bca6346d87836cea8553",https://cdn-images.dzcdn.net/images/cover/4352262369a5653bdddac7a7ff4d86e9/250x250-000000-80-0-0.jpg
4kQXMVjoZ9yMibLZq5Aqi5,Callum J Wright,Somebody Else (Acoustic),Somebody Else - Acoustic,50,138495,False,0.794,0.38,10,-8.769,0,0.0477,0.762,0.0,0.262,0.617,114.99,4,Pop,acoustic,"https://cdnt-preview.dzcdn.net/api/1/1/e/b/4/0/eb4fc31d319c71e672dcf3ea5f89de38.mp3?hdnea=exp=1785601216~acl=/api/1/1/e/b/4/0/eb4fc31d319c71e672dcf3ea5f89de38.mp3*~data=user_id=0,application_id=42~hmac=ce5090d674800fb68bc497e590c3d4748ba791f9970ad30233febc90e1f16a53",https://cdn-images.dzcdn.net/images/cover/8083865e6f458c0544d4172bdc31522e/250x250-000000-80-0-0.jpg
3us8sod4dLbM9FiMiPiEY8,Andrew Belle,Black Bear (Hushed),Pieces (Hushed),59,198626,False,0.52,0.279,5,-10.739,0,0.0547,0.894,0.000105,0.103,0.0951,69.642,4,Singer/Songwriter,acoustic,https://audio-ssl.itunes.apple.com/itunes-assets/AudioPreview116/v4/58/0e/bd/580ebd60-24ab-ca85-276f-895af66b4ca2/mzaf_3807935850942785891.plus.aac.p.m4a,https://is1-ssl.mzstatic.com/image/thumb/Music126/v4/46/09/8a/46098a48-d406-7097-1068-ad4f25fc675e/859718139744_cover.jpg/100x100bb.jpg
1PR5pyPiOEEQ02oJYq402x,Boyce Avenue;Fifth Harmony,"Cover Sessions, Vol. 3",Mirrors,57,292566,False,0.545,0.658,1,-7.174,1,0.0474,0.496,0.0,0.105,0.683,76.971,4,Rock,acoustic,"https://cdnt-preview.dzcdn.net/api/1/1/2/1/1/0/211d719e6ed8edb8be3d3decb5db0e56.mp3?hdnea=exp=1785601221~acl=/api/1/1/2/1/1/0/211d719e6ed8edb8be3d3decb5db0e56.mp3*~data=user_id=0,application_id=42~hmac=31efdfafc55b71d2957123c0bd3f6959940c304b872faca9f5089e65bc7cad6c",https://cdn-images.dzcdn.net/images/cover/dbc0055f569d36f813f37e8d55583c0a/250x250-000000-80-0-0.jpg
068qo0w1Ki0cjnFYOUhAm2,Boyce Avenue,Stand by Me,Stand by Me,60,199019,False,0.728,0.266,8,-7.322,1,0.0293,0.872,1.03e-05,0.114,0.307,115.189,4,Rock,acoustic,"https://cdnt-preview.dzcdn.net/api/1/1/6/a/6/0/6a6eeba61084ae236517f59bbe8aa230.mp3?hdnea=exp=1785601216~acl=/api/1/1/6/a/6/0/6a6eeba61084ae236517f59bbe8aa230.mp3*~data=user_id=0,application_id=42~hmac=800a1cb3c10d1a11f798c2f3b9865a68b68e49c883750596506e890a4c9fb3bd",https://cdn-images.dzcdn.net/images/cover/7ea60e89ffd90d7a418c32bf34531e08/250x250-000000-80-0-0.jpg
2RFt6ZWQbr9mPhsft9u9eX,Gabrielle Aplin;JP Cooper,Dear Happy,Losing Me,61,181760,False,0.66,0.407,7,-8.381,1,0.0571,0.236,0.0,0.109,0.257,133.86,4,Pop,acoustic,"https://cdnt-preview.dzcdn.net/api/1/1/8/9/4/0/8941de43db5dde7b13271566187a5ffd.mp3?hdnea=exp=1785601219~acl=/api/1/1/8/9/4/0/8941de43db5dde7b13271566187a5ffd.mp3*~data=user_id=0,application_id=42~hmac=deb32be5f6523c666465eccddcc71a6f8616e2dc8af984dd334b4b9ca1f4f087",https://cdn-images.dzcdn.net/images/cover/98a24e0678f2d5141f624623adcd78ca/250x250-000000-80-0-0.jpg
59pUIlXjQupbiYwt40uUTi,Mone Kamishiraishi,chouchou,なんでもないや - movie ver.,49,349920,False,0.357,0.161,8,-10.667,1,0.0388,0.971,1.4e-05,0.358,0.325,83.449,4,acoustic,acoustic,,
0VhZ5JYfqPojSYeGWnk4dL,John Adams,You’re Beautiful (Acoustic),You’re Beautiful - Acoustic,55,204973,False,0.479,0.154,2,-11.282,1,0.0352,0.915,0.0,0.0974,0.36,147.207,4,Pop,acoustic,"https://cdnt-preview.dzcdn.net/api/1/1/9/f/4/0/9f4f6b5ba794247fa1e2c867fafa1c20.mp3?hdnea=exp=1785601229~acl=/api/1/1/9/f/4/0/9f4f6b5ba794247fa1e2c867fafa1c20.mp3*~data=user_id=0,application_id=42~hmac=870a760e05cf67a6f8aad87e9a40caa3e8b62d1d2956e8a31ab68560bb7d6c38",https://cdn-images.dzcdn.net/images/cover/7c773ada855d6774e6b411f4945f77e4/250x250-000000-80-0-0.jpg
0ltIx8PLjtWoS9zn9PqsZW,Kitri,Hikare Inochi,Hikare Inochi,51,322146,False,0.592,0.769,2,-5.268,1,0.0311,0.319,4.66e-06,0.137,0.385,102.033,4,Música asiática,acoustic,"https://cdnt-preview.dzcdn.net/api/1/1/6/c/6/0/6c6c49506ff4e6baea59e3a7af25f777.mp3?hdnea=exp=1785601222~acl=/api/1/1/6/c/6/0/6c6c49506ff4e6baea59e3a7af25f777.mp3*~data=user_id=0,application_id=42~hmac=e8d4da6424c56bfac2c8a94b288a1167e6b997edde24e0e3208dbc915a63ba26",https://cdn-images.dzcdn.net/images/cover/39cc34c7a901361888f207b87004c27b/250x250-000000-80-0-0.jpg
7ACW42whcdOiUxiNVu7ltx,Tyler Ward,Songs From Nashville,How To Lose a Girl,46,210375,False,0.7,0.454,7,-10.39,0,0.0388,0.55,0.0022,0.121,0.34,80.011,3,Singer & Songwriter,acoustic,"https://cdnt-preview.dzcdn.net/api/1/1/d/3/4/0/d342450b76bc12712ea7293a8d620d04.mp3?hdnea=exp=1785601222~acl=/api/1/1/d/3/4/0/d342450b76bc12712ea7293a8d620d04.mp3*~data=user_id=0,application_id=42~hmac=6b7ec154e63f45087973a72c6ed4420b3e49f844cd2b46a94d367284f41ac98b",https://cdn-images.dzcdn.net/images/cover/f89406decdd139e9526bc33d96ad8902/250x250-000000-80-0-0.jpg
4qTHoIp62ngNDpUJwW3hZ7,Boyce Avenue,"Cover Sessions, Vol. 6",Can’t Help Falling in Love,57,131000,False,0.402,0.197,5,-10.775,1,0.0295,0.858,1.05e-06,0.114,0.148,100.044,3,Rock,acoustic,"https://cdnt-preview.dzcdn.net/api/1/1/c/4/b/0/c4bf99d451209e2e26c9937ec301328a.mp3?hdnea=exp=1785601223~acl=/api/1/1/c/4/b/0/c4bf99d451209e2e26c9937ec301328a.mp3*~data=user_id=0,application_id=42~hmac=dade6615f3d2204dac2aeb3da11514409262f4dc01888fa088fc858dfa5d64f6",https://cdn-images.dzcdn.net/images/cover/f204b499176f180ba10723689066fd39/250x250-000000-80-0-0.jpg
4VbDTk82rqWqVgoQC93CkC,Andrew Belle,Dive Deep (Hushed),Dive Deep (Hushed),58,218531,False,0.507,0.378,9,-9.019,1,0.0332,0.852,0.000212,0.0937,0.085,135.86,4,Rock,acoustic,"https://cdnt-preview.dzcdn.net/api/1/1/8/1/1/0/811190be84c29cc9fe4321b3ecd7cab4.mp3?hdnea=exp=1785601222~acl=/api/1/1/8/1/1/0/811190be84c29cc9fe4321b3ecd7cab4.mp3*~data=user_id=0,application_id=42~hmac=61181d272bdf12037dd1ffc4be530346aaff11f09f72d9a51efe441349d0e58d",https://cdn-images.dzcdn.net/images/cover/e552aedf1cc8d1dfe8e9486d24a83482/250x250-000000-80-0-0.jpg
1pG5nd6gmfbMwUfT5shDQe,Ben Woodward,When the Party's over (Acoustic Piano),When the Party's over (Acoustic Piano),51,195945,False,0.619,0.226,4,-13.453,1,0.0641,0.959,4.42e-05,0.106,0.188,124.96,3,Pop,acoustic,"https://cdnt-preview.dzcdn.net/api/1/1/2/b/c/0/2bcf7b3e02eb0a432a9b5a6854871b39.mp3?hdnea=exp=1785601223~acl=/api/1/1/2/b/c/0/2bcf7b3e02eb0a432a9b5a6854871b39.mp3*~data=user_id=0,application_id=42~hmac=d4d0945b84136b2d7bc09137e5dd01aaced788b9e7981f58ab6336fea634c37d",https://cdn-images.dzcdn.net/images/cover/0886d5235f1a03d7b96f5e7c8a6866ab/250x250-000000-80-0-0.jpg
2WZyfujzMweFLnozyUJBkW,Augustana,All The Stars and Boulevards,Boston,63,245933,False,0.404,0.571,0,-5.069,1,0.0303,0.182,2.08e-05,0.129,0.29,147.01,4,Pop,acoustic,"https://cdnt-preview.dzcdn.net/api/1/1/0/9/3/0/0930c9afcfc93cee4bb21650d546ab59.mp3?hdnea=exp=1785601223~acl=/api/1/1/0/9/3/0/0930c9afcfc93cee4bb21650d546ab59.mp3*~data=user_id=0,application_id=42~hmac=a5dbf833d7c8b52edc1569a0ebe7a3ab2d13dc5623ce50f178e8ee6771af2a65",https://cdn-images.dzcdn.net/images/cover/922a1656ba90930331861512b6c68045/250x250-000000-80-0-0.jpg
6gijbGNDNNJgT60Aj7UCyc,Matthew Perryman Jones,Living in the Shadows,Living in the Shadows,53,212386,False,0.418,0.79,4,-6.599,0,0.0506,0.0284,9.96e-06,0.117,0.197,175.975,4,Alternativo,acoustic,"https://cdnt-preview.dzcdn.net/api/1/1/3/b/4/0/3b4c0ad47f4dcf4481649010cbe15744.mp3?hdnea=exp=1785601221~acl=/api/1/1/3/b/4/0/3b4c0ad47f4dcf4481649010cbe15744.mp3*~data=user_id=0,application_id=42~hmac=5d7e2b6208b7b24dfc3cd4a3152850be70754c8a850c615372825e99cdbed311",https://cdn-images.dzcdn.net/images/cover/c137d1c4eba0d7111a10f05d78f594f3/250x250-000000-80-0-0.jpg
5pq4v03P5PxMcnCagg4S3Z,Boyce Avenue,"Cover Sessions, Vol. 4",In Case You Didn’t Know,60,225165,False,0.633,0.299,11,-7.798,1,0.0353,0.833,0.0,0.109,0.341,147.549,4,Rock,acoustic,"https://cdnt-preview.dzcdn.net/api/1/1/e/e/d/0/eed897bf84d049f3e71d5eb1d32538f2.mp3?hdnea=exp=1785601223~acl=/api/1/1/e/e/d/0/eed897bf84d049f3e71d5eb1d32538f2.mp3*~data=user_id=0,application_id=42~hmac=c6bc3bc6fec152e7c73f59a24e7c17b48dfa811c3bce9961d6bbe51bdabccd24",https://cdn-images.dzcdn.net/images/cover/7a772e1dbc5b86f107992aba063632bf/250x250-000000-80-0-0.jpg
08OjvLnGR3M0HUhcePeMNO,Andrew Foy;Renee Foy,death bed (coffee for your head),death bed (coffee for your head),47,112008,False,0.565,0.0392,1,-28.276,1,0.045,0.835,0.183,0.117,0.601,125.399,4,acoustic,acoustic,"https://cdnt-preview.dzcdn.net/api/1/1/4/b/5/0/4b5bec3db3f46b28f5a3453d4559a82f.mp3?hdnea=exp=1785601223~acl=/api/1/1/4/b/5/0/4b5bec3db3f46b28f5a3453d4559a82f.mp3*~data=user_id=0,application_id=42~hmac=0e06fbf21f0d513f82149e17beff1c26f3e42910858807bdd7ea3a6f22f628d2",https://cdn-images.dzcdn.net/images/cover/cf95765ca7ab358fc56fd5864e03cb96/250x250-000000-80-0-0.jpg
65VhbQdqvozUntjnlFkFbZ,Kina Grannis,You Are My Sunshine,You Are My Sunshine,60,123609,False,0.664,0.0755,10,-19.836,1,0.0389,0.91,0.0,0.164,0.575,80.004,1,Singer & Songwriter,acoustic,"https://cdnt-preview.dzcdn.net/api/1/1/3/0/8/0/30888c2954bdede1af219a72aab2ec68.mp3?hdnea=exp=1785601223~acl=/api/1/1/3/0/8/0/30888c2954bdede1af219a72aab2ec68.mp3*~data=user_id=0,application_id=42~hmac=03ccbda53c19490b4f98726da932c7be871e41c81eb6d01cffa4fbfac45764f1",https://cdn-images.dzcdn.net/images/cover/e146ccecd1fa2e1a38a7e22ba8542ebd/250x250-000000-80-0-0.jpg
05pKAafT85jeeNhZ6kq7HT,Jason Mraz,I Won't Give Up,I Won't Give Up,66,240165,False,0.585,0.303,4,-10.058,1,0.0398,0.694,0.0,0.115,0.142,136.703,3,Pop,acoustic,https://audio-ssl.itunes.apple.com/itunes-assets/AudioPreview221/v4/5d/f4/11/5df411a7-7de9-a768-3eef-1b74cc77efcb/mzaf_2117023069067957023.plus.aac.p.m4a,https://is1-ssl.mzstatic.com/image/thumb/Music115/v4/2c/ac/8a/2cac8ac4-cb90-ac44-0808-a8e3ccbe05d0/075679962577.jpg/100x100bb.jpg
3PG6V5yuFfo4APiovOQoRv,Ray LaMontagne;Sierra Ferrell,I Was Born To Love You,I Was Born To Love You,67,265843,False,0.65,0.271,9,-11.081,1,0.0314,0.794,6.9e-05,0.196,0.21,78.036,4,Alternativo,acoustic,"https://cdnt-preview.dzcdn.net/api/1/1/2/a/5/0/2a560b6b08c7e1e879ae0ccb2b968145.mp3?hdnea=exp=1785601224~acl=/api/1/1/2/a/5/0/2a560b6b08c7e1e879ae0ccb2b968145.mp3*~data=user_id=0,application_id=42~hmac=f7c47ef4220887c9cbf0addfc513fe7814e76448cc213bff51827e8ab610f7be",https://cdn-images.dzcdn.net/images/cover/18d6c8f46a8c09ff09c7001ae3c6255a/250x250-000000-80-0-0.jpg
5O9R57EozcpLKGQBzadPVy,Meg Birch,Life Sucks Playlist,Only Love Can Hurt Like This,43,194194,False,0.534,0.213,1,-8.64,1,0.0283,0.884,0.0,0.107,0.0998,98.385,4,Pop,acoustic,"https://cdnt-preview.dzcdn.net/api/1/1/8/0/6/0/8068ccf8835b80ad1423ae39186a8316.mp3?hdnea=exp=1785601234~acl=/api/1/1/8/0/6/0/8068ccf8835b80ad1423ae39186a8316.mp3*~data=user_id=0,application_id=42~hmac=a03a97569180d7857654ea2423bdbebfcedba6ee112b48d1aaedbe74006eebba",https://cdn-images.dzcdn.net/images/cover/363123e5630322281c157c45c797f1ac/250x250-000000-80-0-0.jpg
6ta5yavnnEfCE4faU0jebM,Catherine Feeny,Hurricane Glass,Mr Blue,54,154600,False,0.456,0.386,10,-10.293,1,0.032,0.835,0.108,0.389,0.612,165.733,4,acoustic,acoustic,"https://cdnt-preview.dzcdn.net/api/1/1/b/7/1/0/b71c59ebf07a28022b3255338d2ecfd8.mp3?hdnea=exp=1785601224~acl=/api/1/1/b/7/1/0/b71c59ebf07a28022b3255338d2ecfd8.mp3*~data=user_id=0,application_id=42~hmac=f1cf2bc7e71de238a283b258ad02a146040008f5785493c7f2a196156bb2f31a",https://cdn-images.dzcdn.net/images/cover/2f8088246772c5eeadb37a3ec1757e31/250x250-000000-80-0-0.jpg
7BRCa8MPiyuvr2VU3O9W0F,Joshua Hyslop,Where The Mountain Meets The Valley,Do Not Let Me Go,60,158960,False,0.409,0.234,3,-13.711,1,0.0323,0.338,5e-05,0.0895,0.145,139.832,4,Folk,acoustic,"https://cdnt-preview.dzcdn.net/api/1/1/5/3/8/0/538cd1f2c6e4cd15e6f0e119604db809.mp3?hdnea=exp=1785601224~acl=/api/1/1/5/3/8/0/538cd1f2c6e4cd15e6f0e119604db809.mp3*~data=user_id=0,application_id=42~hmac=6d705b57a12254aed1d2ceb4e8fdb44f56923615dd3ed77efb68c20ce089c34e",https://cdn-images.dzcdn.net/images/cover/dd156db2edd22f48574f233de69d41ef/250x250-000000-80-0-0.jpg
5ZhaKUsY68U0lgREFWfoxg,Ross Copperman,Holding On And Letting Go - Single,Holding On And Letting Go,49,319000,False,0.502,0.53,2,-9.573,1,0.0266,0.805,0.000738,0.0728,0.102,78.046,4,Pop,acoustic,"https://cdnt-preview.dzcdn.net/api/1/1/f/5/8/0/f585ced295e68ec696467499f2cc8bc8.mp3?hdnea=exp=1785601224~acl=/api/1/1/f/5/8/0/f585ced295e68ec696467499f2cc8bc8.mp3*~data=user_id=0,application_id=42~hmac=bcab9d0b162fae82b360300d25979a61aafef50e3c31d7bc1af82d90af6b6146",https://cdn-images.dzcdn.net/images/cover/6ac739c6177d367273d1fa3638260b4f/250x250-000000-80-0-0.jpg
4zcMBfbQZvBSHQBGDd6gsN,JJ Heller,You Already Know,You Already Know,57,214360,False,0.496,0.117,0,-12.884,1,0.0301,0.933,0.0,0.126,0.318,78.068,4,Música Religiosa,acoustic,"https://cdnt-preview.dzcdn.net/api/1/1/8/2/a/0/82a9c3951002bd0f93f2260ee575dabc.mp3?hdnea=exp=1785601224~acl=/api/1/1/8/2/a/0/82a9c3951002bd0f93f2260ee575dabc.mp3*~data=user_id=0,application_id=42~hmac=b074b098144e9781246491fad4e28bbe4e39b7fc5f29dfa30355b564233a860b",https://cdn-images.dzcdn.net/images/cover/185c6735913990de64906ad17b73ee72/250x250-000000-80-0-0.jpg
7bhHLZxkRekrNPPkEdDTbn,Ben Woodward,Believer (Remix),Believer (Remix),42,204480,False,0.585,0.724,1,-6.513,0,0.0745,0.315,0.0681,0.0448,0.333,187.484,3,Alternative,acoustic,https://audio-ssl.itunes.apple.com/itunes-assets/AudioPreview221/v4/c0/3f/36/c03f367a-b66b-fd0a-a54c-30f8250c4410/mzaf_12768434238801682952.plus.aac.p.m4a,https://is1-ssl.mzstatic.com/image/thumb/Music126/v4/11/7a/b8/117ab805-6811-8929-18b9-0fad7baf0c25/17UMGIM98210.rgb.jpg/100x100bb.jpg
5rwq6R0Uq0BngM3rdmCeNg,Howie Day,Stop All the World Now (Special Edition),Collide - Acoustic Version,67,277000,False,0.582,0.253,10,-11.43,1,0.0259,0.827,2.95e-05,0.091,0.294,90.186,4,Pop,acoustic,"https://cdnt-preview.dzcdn.net/api/1/1/5/4/7/0/547dcb75be6e7f0bd05f5abdcead6577.mp3?hdnea=exp=1785601224~acl=/api/1/1/5/4/7/0/547dcb75be6e7f0bd05f5abdcead6577.mp3*~data=user_id=0,application_id=42~hmac=95e0ce51d94395ff33ea208b7989d27ba0f7190aadd774c0c15fd79c2a951c1d",https://cdn-images.dzcdn.net/images/cover/d967b9356ed0532c98a876ef6237418b/250x250-000000-80-0-0.jpg
2lxBZVbkiCXC1soks2RXwV,Ben Rector,Magic,Love Like This,61,214240,False,0.637,0.14,2,-11.472,1,0.0407,0.903,0.0,0.107,0.392,139.78,4,Singer & Songwriter,acoustic,"https://cdnt-preview.dzcdn.net/api/1/1/c/a/e/0/cae2d767e980460c5dd7ddcc85eba0b4.mp3?hdnea=exp=1785601224~acl=/api/1/1/c/a/e/0/cae2d767e980460c5dd7ddcc85eba0b4.mp3*~data=user_id=0,application_id=42~hmac=29fd28cc24038db53e7a2d37aec0717b8e3981d9d8200a1e86216f6dfd06616a",https://cdn-images.dzcdn.net/images/cover/c59c4e8476be3430bd2bc1b9ec8b58b7/250x250-000000-80-0-0.jpg
38YgZVHPWOWsKrsCXz6JyP,Matt Nathanson,Some Mad Hope,Come On Get Higher,71,215173,False,0.672,0.623,9,-5.699,1,0.0297,0.241,0.0,0.0848,0.617,92.018,4,Singer & Songwriter,acoustic,"https://cdnt-preview.dzcdn.net/api/1/1/9/e/4/0/9e4939c206bcc0d1c969282afb951eaa.mp3?hdnea=exp=1785601229~acl=/api/1/1/9/e/4/0/9e4939c206bcc0d1c969282afb951eaa.mp3*~data=user_id=0,application_id=42~hmac=e23ddb86a21e70b63fb5b0fe9fcec75c1ac093c64a8aa02127b6e3de1270e023",https://cdn-images.dzcdn.net/images/cover/e5e1d552c7da32fba1e72283ff48e8f5/250x250-000000-80-0-0.jpg
6XrNrp7UtGgyZcHJ0ckL0w,Rachael Yamagata,Something In the Rain (Music from the Original TV Series),"""Something In the Rain"" (Something In the Rain, Pt. 1) [Music from the Original TV Series]",49,296862,False,0.422,0.272,4,-10.772,0,0.0353,0.496,1.07e-05,0.0704,0.113,143.413,4,Filmes/Games,acoustic,"https://cdnt-preview.dzcdn.net/api/1/1/0/4/3/0/043eeae1c6b40e8d497b750f07836594.mp3?hdnea=exp=1785601225~acl=/api/1/1/0/4/3/0/043eeae1c6b40e8d497b750f07836594.mp3*~data=user_id=0,application_id=42~hmac=930ed72347a295ecb64dfb6ee9ab2d3ee36acf182bde79b1e9649f2398c26365",https://cdn-images.dzcdn.net/images/cover/3d0437bfd01ba01495a350292304d99d/250x250-000000-80-0-0.jpg
72R0X0h8YaxYNpegeoOl0M,Parachute,The Way It Was,Kiss Me Slowly,61,235813,False,0.47,0.801,9,-6.426,1,0.0352,0.0758,3.53e-05,0.218,0.431,173.92,4,Pop,acoustic,"https://cdnt-preview.dzcdn.net/api/1/1/2/0/f/0/20f98ddfb1a1f41fa3b6178492b2d012.mp3?hdnea=exp=1785601225~acl=/api/1/1/2/0/f/0/20f98ddfb1a1f41fa3b6178492b2d012.mp3*~data=user_id=0,application_id=42~hmac=1ae935ab80dda43a8c51ccc71ab7dc910e9c0b09fbf912c1d36e87b03875b29c",https://cdn-images.dzcdn.net/images/cover/8d1ef683ba3eae0bd4ae150a9cca4764/250x250-000000-80-0-0.jpg
6R6ux6KaKrhAg2EIB2krdU,Parachute,Wide Awake,Without You,61,228933,False,0.564,0.864,4,-5.121,1,0.0341,0.0761,0.0,0.182,0.534,95.984,4,Pop,acoustic,"https://cdnt-preview.dzcdn.net/api/1/1/c/3/d/0/c3db2dfab79d8afd1e335a36ad0bbe4c.mp3?hdnea=exp=1785601224~acl=/api/1/1/c/3/d/0/c3db2dfab79d8afd1e335a36ad0bbe4c.mp3*~data=user_id=0,application_id=42~hmac=123ae3be621dbc92c1f8c55e4e6de9302789255a4159cc6be4aef540944fb1ab",https://cdn-images.dzcdn.net/images/cover/063051234e523d661f988a3190283c66/250x250-000000-80-0-0.jpg
2D9w6sabdMCLSheW5aegwO,Jason Mraz,Waiting for My Rocket to Come (Expanded Edition),Absolutely Zero,20,339196,False,0.521,0.495,5,-7.756,1,0.027,0.128,0.0,0.296,0.116,135.061,4,Pop,acoustic,"https://cdnt-preview.dzcdn.net/api/1/1/0/8/8/0/088f8b17cf2b75c7aff287dcaf6df9db.mp3?hdnea=exp=1785601224~acl=/api/1/1/0/8/8/0/088f8b17cf2b75c7aff287dcaf6df9db.mp3*~data=user_id=0,application_id=42~hmac=3c1ce2d3aa828d01bdd0b5008dcf25cf2e57d4e20dc96fa2855bef97a2f5ffe2",https://cdn-images.dzcdn.net/images/cover/f3cdfaaf05f7196a4bef9f2bfd808f8c/250x250-000000-80-0-0.jpg
1Qo3taHLFSQpzLm5Sty7M4,Jason Mraz,Waiting for My Rocket to Come (Expanded Edition),Sleep All Day,22,296843,False,0.616,0.81,2,-6.51,1,0.0668,0.369,0.0,0.107,0.79,97.994,4,Pop,acoustic,"https://cdnt-preview.dzcdn.net/api/1/1/a/0/b/0/a0b845846c7acd6a56864f788707b0cd.mp3?hdnea=exp=1785601225~acl=/api/1/1/a/0/b/0/a0b845846c7acd6a56864f788707b0cd.mp3*~data=user_id=0,application_id=42~hmac=d30338072f36db9c4c947211c072236751c94cdf5060b38dd4728f936f791cab",https://cdn-images.dzcdn.net/images/cover/f3cdfaaf05f7196a4bef9f2bfd808f8c/250x250-000000-80-0-0.jpg
71M4QMn8nrok1KFVXwEEyU,Jason Mraz,Waiting for My Rocket to Come (Expanded Edition),You and I Both,35,218240,False,0.615,0.812,7,-6.573,1,0.0458,0.184,0.0,0.328,0.74,98.954,4,acoustic,acoustic,,
4lxGVzcUaSF5HW5jtWnShV,Eddie Vedder,Into The Wild (Music For The Motion Picture),Long Nights,60,151773,False,0.478,0.305,5,-13.062,1,0.0306,0.675,0.00139,0.169,0.0974,108.66,4,acoustic,acoustic,,
2PIlBukQ6limukVR8Ubb5o,Gabrielle Aplin,English Rain,Please Don't Say You Love Me,59,181400,False,0.479,0.541,0,-9.862,1,0.0545,0.737,0.0,0.108,0.321,85.994,4,acoustic,acoustic,,
5p9XWUdvbUzmPCukOmwoU3,KT Tunstall,Eye To The Telescope,Suddenly I See,73,201706,False,0.587,0.767,0,-5.713,1,0.0449,0.225,0.0,0.112,0.664,100.38,4,Rock,acoustic,https://audio-ssl.itunes.apple.com/itunes-assets/AudioPreview211/v4/79/14/8b/79148bde-9cc2-f8af-38a7-ecfc03ae8e2c/mzaf_9861477074729670191.plus.aac.p.m4a,https://is1-ssl.mzstatic.com/image/thumb/Music124/v4/ca/c4/b7/cac4b7d8-a7e9-c2e6-813d-d32ec271c322/00094635541052.rgb.jpg/100x100bb.jpg
1uSuY2qLCbx1QB7oPUVhFG,Jason Mraz,Waiting for My Rocket to Come (Expanded Edition),Who Needs Shelter,22,192260,False,0.514,0.569,6,-7.866,0,0.03,0.601,2.21e-06,0.218,0.264,142.597,4,Pop,acoustic,"https://cdnt-preview.dzcdn.net/api/1/1/6/4/2/0/6424eaa8c64d66cf6110b01dc7f3be39.mp3?hdnea=exp=1785601225~acl=/api/1/1/6/4/2/0/6424eaa8c64d66cf6110b01dc7f3be39.mp3*~data=user_id=0,application_id=42~hmac=42cc90bc5ba8ee4e4a460f494dec7e5397c12669c6b74ee8ae02945d349f98b5",https://cdn-images.dzcdn.net/images/cover/f3cdfaaf05f7196a4bef9f2bfd808f8c/250x250-000000-80-0-0.jpg
6twvFrIoIINH8UW8EB8OnU,Jason Mraz,Waiting for My Rocket to Come (Expanded Edition),No Stopping Us,19,198855,False,0.646,0.836,1,-6.203,1,0.0327,0.301,3.23e-05,0.29,0.727,105.991,4,Pop,acoustic,"https://cdnt-preview.dzcdn.net/api/1/1/c/c/b/0/ccb152ce503a69456963af1fa0f3b65c.mp3?hdnea=exp=1785601229~acl=/api/1/1/c/c/b/0/ccb152ce503a69456963af1fa0f3b65c.mp3*~data=user_id=0,application_id=42~hmac=c534eb49f9eae4a82fd7f66360637afd9a41de4ba18b93daeb371bcfb3f3b38c",https://cdn-images.dzcdn.net/images/cover/f3cdfaaf05f7196a4bef9f2bfd808f8c/250x250-000000-80-0-0.jpg
2pelUnMKr07JjJpilj9Yew,Jason Mraz,Waiting for My Rocket to Come (Expanded Edition),I'll Do Anything,24,191889,False,0.57,0.711,9,-4.155,1,0.0703,0.119,0.0,0.352,0.648,163.117,4,acoustic,acoustic,,
7d0bJhpp0mCYyMXaMgWyMS,JJ Heller,I Dream of You: CALM,Make You Feel My Love,57,171293,False,0.678,0.199,9,-9.785,1,0.0307,0.957,3.23e-06,0.0968,0.262,72.006,4,Infantil,acoustic,"https://cdnt-preview.dzcdn.net/api/1/1/8/f/9/0/8f956c9df8e18c249a43cd4e9d24129e.mp3?hdnea=exp=1785601225~acl=/api/1/1/8/f/9/0/8f956c9df8e18c249a43cd4e9d24129e.mp3*~data=user_id=0,application_id=42~hmac=08b6e3f27777f01cda90d6ae0338ed0b7ec5d5a521fb312b922d5eaa5977b053",https://cdn-images.dzcdn.net/images/cover/adb34ff99aeebe1842c8890b92696a59/250x250-000000-80-0-0.jpg
73CbJykoV6WapWGfTeRzTl,Jason Mraz,Waiting for My Rocket to Come (Expanded Edition),The Remedy (I Won't Worry),35,256440,False,0.589,0.867,10,-4.523,1,0.0385,0.041,0.0,0.306,0.795,94.52,4,Pop,acoustic,"https://cdnt-preview.dzcdn.net/api/1/1/1/1/f/0/11f209fc1bbbb26bc6ec885352bb5603.mp3?hdnea=exp=1785601225~acl=/api/1/1/1/1/f/0/11f209fc1bbbb26bc6ec885352bb5603.mp3*~data=user_id=0,application_id=42~hmac=f76715060bd9e94e44345e46f5e9f07170faa8e820c14f5832baf5c9eddcef7c",https://cdn-images.dzcdn.net/images/cover/f3cdfaaf05f7196a4bef9f2bfd808f8c/250x250-000000-80-0-0.jpg
3ixLIO5BsTmic0Pp27FaPY,Jason Mraz,Waiting for My Rocket to Come (Expanded Edition),Too Much Food,20,221425,False,0.626,0.926,2,-4.441,1,0.0477,0.0265,0.0,0.159,0.548,99.997,4,Pop,acoustic,"https://cdnt-preview.dzcdn.net/api/1/1/1/3/e/0/13ec14fc53fda0854b593bc686fc88ff.mp3?hdnea=exp=1785601225~acl=/api/1/1/1/3/e/0/13ec14fc53fda0854b593bc686fc88ff.mp3*~data=user_id=0,application_id=42~hmac=577535e7cd87b2eed585bc5242617137098ca079bd658e53244d341c918c433b",https://cdn-images.dzcdn.net/images/cover/f3cdfaaf05f7196a4bef9f2bfd808f8c/250x250-000000-80-0-0.jpg
5ZetMq21bMQN5oo4TtdOxu,Jason Mraz,Waiting for My Rocket to Come (Expanded Edition),The Boy's Gone,18,255047,False,0.686,0.556,1,-8.5,0,0.0271,0.532,0.0,0.0922,0.36,112.997,4,Pop,acoustic,"https://cdnt-preview.dzcdn.net/api/1/1/d/6/0/0/d604eb37b37c66ac6a1806f0b38c51c1.mp3?hdnea=exp=1785601225~acl=/api/1/1/d/6/0/0/d604eb37b37c66ac6a1806f0b38c51c1.mp3*~data=user_id=0,application_id=42~hmac=a8ab7c234fef07e8c41d30b9c2c036659bcc5f84155a7136e75bd156f43d3223",https://cdn-images.dzcdn.net/images/cover/8cd8a0abe5e5db02009ffd8ea6b6cf8a/250x250-000000-80-0-0.jpg
73oHkllHIT8fdbzpxiXW40,Jason Mraz,Waiting for My Rocket to Come (Expanded Edition),"On Love, in Sadness",19,208793,False,0.56,0.832,9,-5.595,1,0.0352,0.108,0.0,0.232,0.802,100.957,4,acoustic,acoustic,"https://cdnt-preview.dzcdn.net/api/1/1/7/2/9/0/72926d4d3fb0bd6ef51e46b2cd558cd1.mp3?hdnea=exp=1785601225~acl=/api/1/1/7/2/9/0/72926d4d3fb0bd6ef51e46b2cd558cd1.mp3*~data=user_id=0,application_id=42~hmac=3857e9fc2fc36ca8f5dd6cd58ac838bf98a32f695a45baccfb6d607603640058",https://cdn-images.dzcdn.net/images/cover/f3cdfaaf05f7196a4bef9f2bfd808f8c/250x250-000000-80-0-0.jpg
4MihgVRpD82EZoT61GW63w,Jason Mraz,Waiting for My Rocket to Come (Expanded Edition),Curbside Prophet,23,214552,False,0.619,0.793,5,-5.964,1,0.0661,0.263,0.0,0.0828,0.892,177.991,4,acoustic,acoustic,"https://cdnt-preview.dzcdn.net/api/1/1/9/c/5/0/9c553c81af634c3f7f734c12589b477a.mp3?hdnea=exp=1785601226~acl=/api/1/1/9/c/5/0/9c553c81af634c3f7f734c12589b477a.mp3*~data=user_id=0,application_id=42~hmac=e56b53e2ff1ab58e1bce47e48dcd6a879e7088ed8307e33052240eb1b3c614df",https://cdn-images.dzcdn.net/images/cover/f3cdfaaf05f7196a4bef9f2bfd808f8c/250x250-000000-80-0-0.jpg
1BECZPXBXzobsfmlzj0g3I,Jason Mraz,Waiting for My Rocket to Come (Expanded Edition),"Tonight, Not Again - Live",19,264280,False,0.56,0.278,3,-12.501,1,0.0921,0.733,0.0,0.112,0.594,102.187,4,Pop,acoustic,"https://cdnt-preview.dzcdn.net/api/1/1/0/e/e/0/0eeaa969886c0aff4eb0d91f39ffc7a9.mp3?hdnea=exp=1785601226~acl=/api/1/1/0/e/e/0/0eeaa969886c0aff4eb0d91f39ffc7a9.mp3*~data=user_id=0,application_id=42~hmac=a098c353a920a71d4db082530c838fe2e48d9dbf68f90134d5f01358763a0c07",https://cdn-images.dzcdn.net/images/cover/8cd8a0abe5e5db02009ffd8ea6b6cf8a/250x250-000000-80-0-0.jpg
14vExHBkh1prEAN94wZug8,Jason Mraz,Waiting for My Rocket to Come (Expanded Edition),"Tonight, Not Again",18,289041,False,0.595,0.805,8,-7.926,1,0.0543,0.0167,1.06e-05,0.0691,0.359,102.44,4,acoustic,acoustic,"https://cdnt-preview.dzcdn.net/api/1/1/0/e/e/0/0eeaa969886c0aff4eb0d91f39ffc7a9.mp3?hdnea=exp=1785601226~acl=/api/1/1/0/e/e/0/0eeaa969886c0aff4eb0d91f39ffc7a9.mp3*~data=user_id=0,application_id=42~hmac=a098c353a920a71d4db082530c838fe2e48d9dbf68f90134d5f01358763a0c07",https://cdn-images.dzcdn.net/images/cover/8cd8a0abe5e5db02009ffd8ea6b6cf8a/250x250-000000-80-0-0.jpg
0fzCtVM9D5UEwiLqcY8Ouq,Eddie Vedder,Into The Wild (Music For The Motion Picture),Hard Sun,65,322080,False,0.438,0.827,8,-6.531,1,0.0328,0.0512,0.000402,0.319,0.645,143.377,4,acoustic,acoustic,"https://cdnt-preview.dzcdn.net/api/1/1/d/0/8/0/d08f0aaacaeb5638858908e785476a67.mp3?hdnea=exp=1785601226~acl=/api/1/1/d/0/8/0/d08f0aaacaeb5638858908e785476a67.mp3*~data=user_id=0,application_id=42~hmac=6420487775164439345d7ad5e9b8702d6c1ed4f57fc68dc5ebba5df96c0c3c3d",https://cdn-images.dzcdn.net/images/cover/cb6767337e9806f133330c4a7698bdd4/250x250-000000-80-0-0.jpg
6IF2P93LkyW4GqDQu1yS7H,Susie Suh;Robot Koch,Here with Me,Here with Me,55,238971,False,0.582,0.375,1,-13.277,0,0.0329,0.702,0.0631,0.136,0.106,129.909,4,acoustic,acoustic,"https://cdnt-preview.dzcdn.net/api/1/1/d/2/d/0/d2d09a808a138526cd309f8f05ea80fa.mp3?hdnea=exp=1785601226~acl=/api/1/1/d/2/d/0/d2d09a808a138526cd309f8f05ea80fa.mp3*~data=user_id=0,application_id=42~hmac=bd4fbb3f140e9f50a9cf1a35c482a4bb8717f747a26d46cff929ee7aba870a7d",https://cdn-images.dzcdn.net/images/cover/587a982d278b689ed7693ea4f160fa11/250x250-000000-80-0-0.jpg
34dnNAUoIPcwnK0RtVMBWZ,Tyler Ward;Lindsey Stirling;Kina Grannis,"Tyler Ward Covers, Vol. 5",The Scientist,47,276575,False,0.453,0.295,7,-12.881,1,0.0291,0.518,0.00011,0.293,0.14,146.022,4,acoustic,acoustic,"https://cdnt-preview.dzcdn.net/api/1/1/8/0/6/0/806b0ab1efa70d70e99f6622a8e274f3.mp3?hdnea=exp=1785601226~acl=/api/1/1/8/0/6/0/806b0ab1efa70d70e99f6622a8e274f3.mp3*~data=user_id=0,application_id=42~hmac=5bb0d206f852bafc71e873365eb78b814487d17f3fba84a4cb74b022853bbdb4",https://cdn-images.dzcdn.net/images/cover/60ce0beca65f5aada73eda3c7a56a809/250x250-000000-80-0-0.jpg
5aDpULK8MbJmHl42kR5KNI,Howie Day,Stop All The World Now,Collide,56,249120,False,0.636,0.625,11,-7.895,1,0.0277,0.222,5.35e-05,0.119,0.342,93.931,4,acoustic,acoustic,,
1fI1TMpz7FVkpoYBhmiywp,Eden Elf;Ren Avel,get better,get better,53,111734,False,0.639,0.201,7,-16.613,0,0.0526,0.907,2.26e-05,0.124,0.4,88.107,4,acoustic,acoustic,,
23Mcmg5O8rBKAOzxvrTjnD,Kitri,Hikare Inochi,Sympathy,49,210760,False,0.69,0.423,2,-9.194,0,0.0294,0.883,0.0123,0.111,0.59,130.121,4,acoustic,acoustic,,
0gVbkmFqq5fIkXtJJ3UTfM,Boyce Avenue;Rachel Grae,Let It Go,Let It Go,51,255688,False,0.599,0.349,1,-9.269,1,0.0301,0.819,0.0,0.112,0.444,147.913,4,acoustic,acoustic,,
00DuOxungwHwVUX2m37P0P,Chord Overstreet,What You Need,What You Need,53,181786,False,0.519,0.264,0,-11.171,1,0.0601,0.918,0.000253,0.237,0.192,140.354,4,acoustic,acoustic,,
2lFlveK1y13WWp3vnQtrr3,Five For Fighting,The Battle for Everything,100 Years,66,244600,False,0.643,0.569,7,-7.459,1,0.0276,0.544,2.17e-05,0.178,0.275,120.507,4,acoustic,acoustic,,
2WD93lsfJonaKtrQtpLB2R,Andrew Belle,Nightshade,You're the Sea,56,174546,False,0.573,0.624,1,-9.076,0,0.0324,0.471,0.117,0.114,0.529,161.025,4,acoustic,acoustic,,
7njTGO45SkaBTNu35t2Yq0,Rachael Yamagata,"One Spring Night (Original Television Soundtrack), Pt. 1",No Direction,47,234330,False,0.654,0.821,7,-5.472,1,0.0264,0.00666,0.00299,0.228,0.613,111.958,4,acoustic,acoustic,,
6ivkBaxvclVhwZDE2uwldj,Cary Brothers,Under Control,Belong,51,255600,False,0.426,0.399,0,-8.447,1,0.034,0.761,0.00112,0.118,0.217,115.979,4,acoustic,acoustic,,
6Cvti10W0AzmzG9D1tpuKp,The Mayries,As It Was,As It Was,55,176542,False,0.505,0.21,11,-11.349,1,0.0295,0.907,0.0,0.11,0.323,80.721,4,acoustic,acoustic,,
03yc0G2OoH1Eeyu7Piy8fK,Jason Mraz,I'm Yours,I'm Yours,60,243494,False,0.693,0.43,11,-9.395,1,0.0442,0.565,0.0,0.0928,0.731,151.001,4,Pop,acoustic,https://audio-ssl.itunes.apple.com/itunes-assets/AudioPreview221/v4/63/7d/21/637d21cb-2e4b-a845-bd85-fb327e04464a/mzaf_14367811252980822947.plus.aac.p.m4a,https://is1-ssl.mzstatic.com/image/thumb/Music115/v4/f8/ac/ec/f8acec21-40e2-fa91-fe61-1be3cbc1467a/mzi.jokpbtnf.jpg/100x100bb.jpg
5RO0MNa5hBKIM4OcjygadU,Joseph Sullinger,Chi Mai,Chi Mai,40,188695,False,0.739,0.287,6,-14.007,0,0.059,0.969,0.961,0.111,0.557,80.64,4,acoustic,acoustic,,
78TKtlSLWK8pZAKKW3MyQL,A Great Big World;Christina Aguilera,Say Something,Say Something,58,229400,False,0.453,0.146,2,-8.976,1,0.0343,0.867,3.49e-06,0.0945,0.0915,137.905,3,Pop,acoustic,https://audio-ssl.itunes.apple.com/itunes-assets/AudioPreview115/v4/61/59/6d/61596d88-b3fd-bcf0-2572-f805d976d291/mzaf_5012302252314646019.plus.aac.p.m4a,https://is1-ssl.mzstatic.com/image/thumb/Music125/v4/f4/19/56/f41956df-120e-321f-a1cb-626b48c14ab6/886444314022.jpg/100x100bb.jpg
1esE8j1nVyzEQ5rVhYXoJT,Parachute,Parachute,Had It All,55,216853,False,0.606,0.54,7,-6.271,0,0.0339,0.182,0.000144,0.144,0.249,79.952,4,acoustic,acoustic,,
68Yc9ylRZZPtsuVgtrxcDj,Zack Tabudlo;Yonnyboii,Take Me Back,Take Me Back ft. Yonnyboii,50,149000,False,0.595,0.646,0,-5.495,1,0.0327,0.11,0.0,0.258,0.563,120.049,4,Pop,acoustic,"https://cdnt-preview.dzcdn.net/api/1/1/1/2/1/0/121db55ea4a409e889c818095aa91a36.mp3?hdnea=exp=1785601234~acl=/api/1/1/1/2/1/0/121db55ea4a409e889c818095aa91a36.mp3*~data=user_id=0,application_id=42~hmac=62c3d815126748eb4503969c5df6a3bef875de137bce1bfa22b78fb383327c85",https://cdn-images.dzcdn.net/images/cover/719376560763b6f76bf6e090ca0d073c/250x250-000000-80-0-0.jpg
3tjjCCdXSdaVEo4q4y071G,Tobey Rosen,Whole Again (Acoustic Version),Whole Again - Acoustic Version,52,157231,False,0.736,0.145,11,-9.215,1,0.0336,0.855,0.0,0.108,0.235,129.832,4,Pop,acoustic,"https://cdnt-preview.dzcdn.net/api/1/1/1/0/6/0/10682d61492345938e6d053b68dc762d.mp3?hdnea=exp=1785601236~acl=/api/1/1/1/0/6/0/10682d61492345938e6d053b68dc762d.mp3*~data=user_id=0,application_id=42~hmac=ee8465af29694372bc5a83f5e97b12e4a80be918c4d006d7f566a298feafe743",https://cdn-images.dzcdn.net/images/cover/607ccc5b1dc5117b2e148cebc16272a1/250x250-000000-80-0-0.jpg
3tob5ofeuvFKKSbOTldenC,The Mayries,Overpass Graffiti,Overpass Graffiti,54,226603,False,0.479,0.126,1,-13.974,1,0.0303,0.966,0.0,0.113,0.279,96.327,4,Pop,acoustic,"https://cdnt-preview.dzcdn.net/api/1/1/a/5/0/0/a50d21679571631ca1c964b1e7fe2a6a.mp3?hdnea=exp=1785601232~acl=/api/1/1/a/5/0/0/a50d21679571631ca1c964b1e7fe2a6a.mp3*~data=user_id=0,application_id=42~hmac=884ec7a7aea04f48ab2f1a2d82ae8a54878246de6a7d45451f764d5d5019ebbd",https://cdn-images.dzcdn.net/images/cover/d16d3570c23ce723b2e6a7f5b243ee51/250x250-000000-80-0-0.jpg
4E6cwWJWZw2zWf7VFbH7wf,Sara Bareilles,Little Voice,Love Song,73,258826,False,0.583,0.786,2,-3.142,0,0.0301,0.0208,0.0,0.188,0.573,123.055,4,Pop,acoustic,"https://cdnt-preview.dzcdn.net/api/1/1/0/e/1/0/0e19293d45bb42eaf59709017e4ca67d.mp3?hdnea=exp=1785601234~acl=/api/1/1/0/e/1/0/0e19293d45bb42eaf59709017e4ca67d.mp3*~data=user_id=0,application_id=42~hmac=aabbcedfe18d238a25bdf1c81dd7b18acab6fb5c52cc4d7fe08ec5e62d038582",https://cdn-images.dzcdn.net/images/cover/2cbeff6ff69a7b4dc89797ae44604b75/250x250-000000-80-0-0.jpg
3uAdZpIbMTtVXitHVibLMV,Andrew Foy;Renee Foy,Let Her Go,Let Her Go,38,194013,False,0.549,0.291,2,-13.457,1,0.0388,0.858,0.000846,0.129,0.376,75.153,4,Dance,acoustic,"https://cdnt-preview.dzcdn.net/api/1/1/8/5/b/0/85b14fb3d5cf9e98e1776717849496b6.mp3?hdnea=exp=1785601232~acl=/api/1/1/8/5/b/0/85b14fb3d5cf9e98e1776717849496b6.mp3*~data=user_id=0,application_id=42~hmac=e865eaf3397d4774859aba167ce905ab4f6206de57ffbc50baf779442cb480e0",https://cdn-images.dzcdn.net/images/cover/e87ac3c9859497e2bf7636cf69dba9af/250x250-000000-80-0-0.jpg
2LC523tbEPFpc1pnikbt5b,Aqualung,Still Life,Brighter Than Sunshine,53,242439,False,0.418,0.489,6,-8.373,0,0.0323,0.287,0.0288,0.42,0.398,72.891,4,Pop,acoustic,"https://cdnt-preview.dzcdn.net/api/1/1/d/3/c/0/d3ce90fd51d82e21e941788e6677d005.mp3?hdnea=exp=1785601229~acl=/api/1/1/d/3/c/0/d3ce90fd51d82e21e941788e6677d005.mp3*~data=user_id=0,application_id=42~hmac=a433bb92fe12ec3a601ff7ba3c721444311e0757b79aea6be981a6f7339be5a9",https://cdn-images.dzcdn.net/images/cover/39fab06f2daa928bffb0d94041d6dfc9/250x250-000000-80-0-0.jpg
3ISLwA96mtx13Wx7K1PPPk,Tyler Ward;Karis;Ray Lorraine,Love Story,Love Story,55,232500,False,0.498,0.12,0,-17.721,1,0.0487,0.851,0.0,0.171,0.338,121.187,4,Singer & Songwriter,acoustic,"https://cdnt-preview.dzcdn.net/api/1/1/5/7/a/0/57a29c09d712dc8615313792c9a2bbe8.mp3?hdnea=exp=1785601234~acl=/api/1/1/5/7/a/0/57a29c09d712dc8615313792c9a2bbe8.mp3*~data=user_id=0,application_id=42~hmac=931dbd6503f21b37122e1a195063b67f561f4e7616bd6f4503ae115b77e3a2ce",https://cdn-images.dzcdn.net/images/cover/a42414bd4705666a7a3a2790a4cca52d/250x250-000000-80-0-0.jpg
7Ca2CkwSqHyr3eCh8IRdjz,Agustín Amigó;Nylonwings,Mujer con Abanico,Mujer con Abanico,41,156787,False,0.769,0.135,5,-12.049,0,0.061,0.986,0.905,0.106,0.471,103.939,4,acoustic,acoustic,"https://cdnt-preview.dzcdn.net/api/1/1/7/2/c/0/72cc023294d76448b92002c28bc3b0f5.mp3?hdnea=exp=1785601234~acl=/api/1/1/7/2/c/0/72cc023294d76448b92002c28bc3b0f5.mp3*~data=user_id=0,application_id=42~hmac=31b8dfd8d7dd238545cc2ec75d35a2b8d3ca5c7c9206e2632864d1de481a518a",https://cdn-images.dzcdn.net/images/cover/b94c6d41b7ba78cc18e93a1a9555bfdb/250x250-000000-80-0-0.jpg
6ql0ffq6Jvyh9OKqrJCMaP,Amy Stroup,In the Shadows,In the Shadows,46,263823,False,0.434,0.469,0,-7.849,0,0.0265,0.52,0.000328,0.108,0.0568,136.282,4,Alternativo,acoustic,"https://cdnt-preview.dzcdn.net/api/1/1/0/f/3/0/0f38e8fac0b06a1722616d7e279c07e5.mp3?hdnea=exp=1785601239~acl=/api/1/1/0/f/3/0/0f38e8fac0b06a1722616d7e279c07e5.mp3*~data=user_id=0,application_id=42~hmac=23ac34182ab26df180d921aa96a0e2b25d72d502a5a2878bc7c1acf78eaf181e",https://cdn-images.dzcdn.net/images/cover/4ce95c3581ed885fde1db2bc7b0bfe55/250x250-000000-80-0-0.jpg
1EyvonxK8OGHRV4WDRdArc,Boyce Avenue;Connie Talbot,Can You Feel the Love Tonight,Can You Feel the Love Tonight,63,250916,False,0.452,0.198,10,-9.374,1,0.0335,0.931,2.24e-06,0.1,0.217,119.499,4,acoustic,acoustic,"https://cdnt-preview.dzcdn.net/api/1/1/6/0/c/0/60c0877e2768b36b9fed5bc6e9ec470a.mp3?hdnea=exp=1785601237~acl=/api/1/1/6/0/c/0/60c0877e2768b36b9fed5bc6e9ec470a.mp3*~data=user_id=0,application_id=42~hmac=9da907f64427f44ced1ced31ca31de8c5498a15b452fa486758cca1a6ee6e6f5",https://cdn-images.dzcdn.net/images/cover/6e4591c1a786a6aa0ec89439a6c41074/250x250-000000-80-0-0.jpg
0EKBV6GybPtALXUgWqWrym,Brandi Carlile,The Story,The Story,66,238493,False,0.544,0.5,11,-8.253,1,0.026,0.0325,3.78e-06,0.109,0.177,93.621,4,Singer & Songwriter,acoustic,"https://cdnt-preview.dzcdn.net/api/1/1/8/8/1/0/881e3a81d2477e676cd9c90f3075fe15.mp3?hdnea=exp=1785601232~acl=/api/1/1/8/8/1/0/881e3a81d2477e676cd9c90f3075fe15.mp3*~data=user_id=0,application_id=42~hmac=69227f14c59fd194cc4f98d7376e635f06b173ee76ba436e54dbf0b5d7bbc9eb",https://cdn-images.dzcdn.net/images/cover/9f5a321718a4fe9bb254773a92dc7311/250x250-000000-80-0-0.jpg
41A82PidFKhGX5hm1WoaDs,JJ Heller,Better,Better,54,215906,False,0.662,0.187,2,-9.003,1,0.0268,0.969,0.000273,0.0922,0.233,104.988,4,Infantil,acoustic,"https://cdnt-preview.dzcdn.net/api/1/1/d/5/9/0/d59e7072a905963505758b0250917b9f.mp3?hdnea=exp=1785601232~acl=/api/1/1/d/5/9/0/d59e7072a905963505758b0250917b9f.mp3*~data=user_id=0,application_id=42~hmac=ac8e21bc22c3b45d6e0abe79d820101e612448652bf7b72b86f98d79e403343b",https://cdn-images.dzcdn.net/images/cover/adb34ff99aeebe1842c8890b92696a59/250x250-000000-80-0-0.jpg
5oV8bZaShr2d01FFMHBUPq,Kina Grannis,Iris,Iris,62,181136,False,0.497,0.13,6,-15.571,1,0.0436,0.841,0.0,0.111,0.179,130.769,3,Singer & Songwriter,acoustic,"https://cdnt-preview.dzcdn.net/api/1/1/6/a/9/0/6a9634730a4968f8daa1bc17c2cf9c23.mp3?hdnea=exp=1785601234~acl=/api/1/1/6/a/9/0/6a9634730a4968f8daa1bc17c2cf9c23.mp3*~data=user_id=0,application_id=42~hmac=477d8ca4afb492d91b4813a881cc3bbc606cf831bb1b62d615a02a61aa1aab53",https://cdn-images.dzcdn.net/images/cover/17fa0fcf989d144fc8afc611400995cf/250x250-000000-80-0-0.jpg
5nMRpGfqQ0tb1TMbqBVK2J,The Mayries,#Acoustic,Rockabye - Acoustic Version,57,157466,False,0.528,0.291,10,-9.696,1,0.0401,0.914,0.0,0.121,0.355,76.805,4,Pop,acoustic,"https://cdnt-preview.dzcdn.net/api/1/1/a/0/c/0/a0c50592a04a5395cbc02746fe7bbd1d.mp3?hdnea=exp=1785601233~acl=/api/1/1/a/0/c/0/a0c50592a04a5395cbc02746fe7bbd1d.mp3*~data=user_id=0,application_id=42~hmac=417ac480f7aeb5953b8d953c3292d7ac19ed6060befd8c316d10a23e0cf77fbf",https://cdn-images.dzcdn.net/images/cover/9a3472a1cf8f74ccec21facc447c5ed5/250x250-000000-80-0-0.jpg
04qDUASuSfVp6fktfsxVej,Caleb Santos;Viva Music Publishing Inc.,I Need You More Today,I Need You More Today,68,233728,False,0.461,0.522,11,-7.513,1,0.043,0.36,0.0,0.123,0.446,157.768,4,Pop,acoustic,"https://cdnt-preview.dzcdn.net/api/1/1/b/6/a/0/b6abd15f461d08998cbba16250ced0ec.mp3?hdnea=exp=1785601234~acl=/api/1/1/b/6/a/0/b6abd15f461d08998cbba16250ced0ec.mp3*~data=user_id=0,application_id=42~hmac=3df88a1c338b96318792aa23b2a8870bd8bdcb9fb6691a08c8c056d481018b80",https://cdn-images.dzcdn.net/images/cover/9d1c016d23a3311dcda325bc787a40ae/250x250-000000-80-0-0.jpg
3g61xRaqII8q1wlQDzv550,Boyce Avenue,"Cover Sessions, Vol. 4",Beautiful Soul,62,216612,False,0.483,0.506,9,-6.058,1,0.0347,0.394,0.0,0.0946,0.705,87.337,4,Rock,acoustic,"https://cdnt-preview.dzcdn.net/api/1/1/3/d/5/0/3d5099ed3b3e73a988fee91d5d05b721.mp3?hdnea=exp=1785601234~acl=/api/1/1/3/d/5/0/3d5099ed3b3e73a988fee91d5d05b721.mp3*~data=user_id=0,application_id=42~hmac=7b648fe295c7e1a32ad3968eae0f194b8eb091c6031857ea348cf6d73ee80f32",https://cdn-images.dzcdn.net/images/cover/7a772e1dbc5b86f107992aba063632bf/250x250-000000-80-0-0.jpg
3dglCYsVMjPbDlU2CC9Vq7,Jason Mraz,Know.,Let's See What The Night Can Do,53,245186,False,0.392,0.423,7,-7.813,1,0.0348,0.27,0.0,0.117,0.288,113.537,4,Pop,acoustic,"https://cdnt-preview.dzcdn.net/api/1/1/d/9/0/0/d90dc094d268ba8207a38e4e1229f295.mp3?hdnea=exp=1785601234~acl=/api/1/1/d/9/0/0/d90dc094d268ba8207a38e4e1229f295.mp3*~data=user_id=0,application_id=42~hmac=3cad1193005f33a0175740bf153ff233b01915063c645ff21ed928f99643bce6",https://cdn-images.dzcdn.net/images/cover/0d23c122c6166182725f802ef4ac83cc/250x250-000000-80-0-0.jpg
2f4jlGvGi3ZDGogXys5FUp,Rachael Yamagata,Something In the Rain (Music from the Original TV Series),"La La La (Something In the Rain, Pt. 2) [Music from the Original TV Series]",44,219613,False,0.42,0.2,7,-18.827,1,0.0492,0.929,0.49,0.0758,0.164,87.248,4,Filmes/Games,acoustic,"https://cdnt-preview.dzcdn.net/api/1/1/4/6/e/0/46e01117d9506d4e7a3555c1d3cf7c32.mp3?hdnea=exp=1785601234~acl=/api/1/1/4/6/e/0/46e01117d9506d4e7a3555c1d3cf7c32.mp3*~data=user_id=0,application_id=42~hmac=f9c4ab257cd16e1cadbafcd52120da6398bbad554f3eb9d3cb79b13fb42f1c22",https://cdn-images.dzcdn.net/images/cover/3d0437bfd01ba01495a350292304d99d/250x250-000000-80-0-0.jpg
3NCg46FWgnANZc9HQHQOQR,Parachute,The Way It Was,Forever And Always,57,248960,False,0.657,0.716,2,-5.675,1,0.0301,0.014,0.0,0.0483,0.435,93.924,4,Rock,acoustic,"https://cdnt-preview.dzcdn.net/api/1/1/5/e/1/0/5e1f39639591d32740520d123637d6cf.mp3?hdnea=exp=1785601234~acl=/api/1/1/5/e/1/0/5e1f39639591d32740520d123637d6cf.mp3*~data=user_id=0,application_id=42~hmac=5d2a69a739758901e45c6f96f7a8d17fb1df17b5c8fb0f04ecbef6f9ff0790fb",https://cdn-images.dzcdn.net/images/cover/0fe870d2c00f1374eaf4c76d9411d6d5/250x250-000000-80-0-0.jpg
0muntSMuAZzcwYBBMZj6sf,Priscilla Ahn,When Marnie Was There Song Album - Just Know That I Love You.,Fine On The Outside,52,252466,False,0.495,0.185,9,-13.824,1,0.0288,0.692,0.00403,0.109,0.196,101.89,4,Música asiática,acoustic,"https://cdnt-preview.dzcdn.net/api/1/1/f/6/5/0/f6534271685454415aa22721c1f97ce1.mp3?hdnea=exp=1785601236~acl=/api/1/1/f/6/5/0/f6534271685454415aa22721c1f97ce1.mp3*~data=user_id=0,application_id=42~hmac=a07fdc87cb232d46d313553aacdd1a3a183a007f2f71b0363cccfa0dd89a58f6",https://cdn-images.dzcdn.net/images/cover/96a0111d957ef3d9bde54add03bc00fb/250x250-000000-80-0-0.jpg
4bXoVtbp6fN8FaSQvGQB41,Chord Overstreet,Tree House Tapes,Tortured Soul,53,246613,False,0.55,0.499,4,-9.502,1,0.0338,0.472,2.26e-06,0.0798,0.144,86.966,1,Singer & Songwriter,acoustic,"https://cdnt-preview.dzcdn.net/api/1/1/9/9/d/0/99db52687db6ade203cac6198f6d8349.mp3?hdnea=exp=1785601234~acl=/api/1/1/9/9/d/0/99db52687db6ade203cac6198f6d8349.mp3*~data=user_id=0,application_id=42~hmac=1de00c04da0bffb96b7c15a5946da22db56b669aa354130a16a10c5c9404ae15",https://cdn-images.dzcdn.net/images/cover/3f41de85011d04184fa50d0ba5796bb2/250x250-000000-80-0-0.jpg
3FRARAKLpHw3er9ZaTwaHO,JJ Heller,I Believe in You,I Believe in You,53,198786,False,0.534,0.359,0,-9.311,1,0.0296,0.449,1.2e-05,0.331,0.267,131.804,4,acoustic,acoustic,,
2Dzhwe90lhHXVU6lk7Nx0H,Jon Bryant,Cult Classic,At Home,55,226640,False,0.378,0.52,11,-10.965,1,0.0382,0.777,0.0888,0.0979,0.357,73.744,4,Alternativo,acoustic,"https://cdnt-preview.dzcdn.net/api/1/1/5/7/1/0/5717a61fad45bcb42d8cee7c07c5ee93.mp3?hdnea=exp=1785601240~acl=/api/1/1/5/7/1/0/5717a61fad45bcb42d8cee7c07c5ee93.mp3*~data=user_id=0,application_id=42~hmac=75475f616395d5c9ae2e58eac22b61295fa7f742769d268ec459996a207ac3c3",https://cdn-images.dzcdn.net/images/cover/35621986c104bc85ab727a32418963b5/250x250-000000-80-0-0.jpg
12niARgkwxGsklcEwh6GlG,Donovan Woods,"Hard Settle, Ain't Troubled","Portland, Maine",66,203869,False,0.606,0.349,4,-13.967,1,0.0319,0.764,0.306,0.112,0.156,80.071,4,Singer & Songwriter,acoustic,"https://cdnt-preview.dzcdn.net/api/1/1/9/8/5/0/9858e9e755ca2230f6c8baa1f5c7b368.mp3?hdnea=exp=1785601236~acl=/api/1/1/9/8/5/0/9858e9e755ca2230f6c8baa1f5c7b368.mp3*~data=user_id=0,application_id=42~hmac=6cfbcbaaaef7bc3bd5acc4488e426edbfbdf13adfcc7a60b8aa6d4d3016f595a",https://cdn-images.dzcdn.net/images/cover/3aeae56ad87b4d3f829b11289841a1df/250x250-000000-80-0-0.jpg
0v0pc1lIt5p6EBX7pnfOGF,Ross Copperman,Holding On and Letting Go LP,Holding On and Letting Go,49,317441,False,0.486,0.555,2,-9.466,1,0.0271,0.818,0.00269,0.109,0.0992,77.987,4,Pop,acoustic,"https://cdnt-preview.dzcdn.net/api/1/1/f/5/8/0/f585ced295e68ec696467499f2cc8bc8.mp3?hdnea=exp=1785601235~acl=/api/1/1/f/5/8/0/f585ced295e68ec696467499f2cc8bc8.mp3*~data=user_id=0,application_id=42~hmac=b340729797953fe00f35337c9e706ba2e7be00f4f1095d0292cbb6626ae8e894",https://cdn-images.dzcdn.net/images/cover/6ac739c6177d367273d1fa3638260b4f/250x250-000000-80-0-0.jpg
5wQci5VCUjdbKnRD61XYwu,Joshua Hyslop,In Deepest Blue (Bonus Track Version),The Flood,60,261640,False,0.577,0.446,6,-11.343,1,0.0313,0.554,0.0782,0.116,0.262,81.005,4,Folk,acoustic,"https://cdnt-preview.dzcdn.net/api/1/1/1/b/6/0/1b6824c5a4e0bbab2c524a7733756320.mp3?hdnea=exp=1785601235~acl=/api/1/1/1/b/6/0/1b6824c5a4e0bbab2c524a7733756320.mp3*~data=user_id=0,application_id=42~hmac=8b2f5aec1d299a725035878b4b9fba83e44b02bbfa3ecf3c9a3ad959c076ea80",https://cdn-images.dzcdn.net/images/cover/625756f091c7007a9ba953b86a8c40b0/250x250-000000-80-0-0.jpg
0HQnJee8ShSDu2AYwibxst,Angelina Cruz,Hanggang Kailan (Umuwi Ka Na Baby),Hanggang Kailan (Umuwi Ka Na Baby),38,211933,False,0.59,0.407,4,-9.079,1,0.0361,0.861,9.95e-06,0.094,0.276,145.852,4,Pop,acoustic,"https://cdnt-preview.dzcdn.net/api/1/1/2/f/b/0/2fb78be924597b5f9a6ced231d02f756.mp3?hdnea=exp=1785601239~acl=/api/1/1/2/f/b/0/2fb78be924597b5f9a6ced231d02f756.mp3*~data=user_id=0,application_id=42~hmac=0ecadf74c2dbd2ccf83ce9e443f33329ece8936b84e0bfc0620e808143af0296",https://cdn-images.dzcdn.net/images/cover/708f2ac9cdd64b25985e2f3d5ab32a09/250x250-000000-80-0-0.jpg
4VoJCUgNmnqG2qF0peDBkw,Stephen Speaks,No More Doubt,Out of My League,67,218800,False,0.538,0.315,0,-10.057,1,0.0291,0.96,0.00596,0.0979,0.4,91.921,3,Pop,acoustic,"https://cdnt-preview.dzcdn.net/api/1/1/3/4/f/0/34fa0fdc8fbf3e9285b1f60b9d7e5c9a.mp3?hdnea=exp=1785601235~acl=/api/1/1/3/4/f/0/34fa0fdc8fbf3e9285b1f60b9d7e5c9a.mp3*~data=user_id=0,application_id=42~hmac=7e708e6aae4f3497a1ad1c65cdab01cebca7b77cc89a1a177760951adf044ee3",https://cdn-images.dzcdn.net/images/cover/4241f0fe160855d2a4f240e845e04eec/250x250-000000-80-0-0.jpg
7xLhousIHDxoGgeJNhO4Ye,A Great Big World,Is There Anybody Out There? - Track by Track Commentary,Say Something,57,233266,False,0.447,0.158,2,-7.571,1,0.036,0.872,1.58e-06,0.0816,0.142,140.942,3,Pop,acoustic,https://audio-ssl.itunes.apple.com/itunes-assets/AudioPreview115/v4/61/59/6d/61596d88-b3fd-bcf0-2572-f805d976d291/mzaf_5012302252314646019.plus.aac.p.m4a,https://is1-ssl.mzstatic.com/image/thumb/Music125/v4/f4/19/56/f41956df-120e-321f-a1cb-626b48c14ab6/886444314022.jpg/100x100bb.jpg
1bhpBRCLsVg3p7BWARbaDS,Eddie Vedder,Into The Wild (Music For The Motion Picture),Rise,60,156453,False,0.401,0.58,7,-6.86,1,0.0541,0.906,0.217,0.134,0.526,173.277,3,acoustic,acoustic,,
6NSlOEEtWlqvEFrjQsry77,The Weepies;Deb Talan;Steve Tannen,Say I Am You,World Spins Madly On,64,165133,False,0.502,0.311,1,-13.421,1,0.0285,0.617,4.32e-05,0.129,0.4,107.612,4,Folk,acoustic,"https://cdnt-preview.dzcdn.net/api/1/1/2/a/b/0/2ab3047fd8c34e9db75b8663001a174a.mp3?hdnea=exp=1785601239~acl=/api/1/1/2/a/b/0/2ab3047fd8c34e9db75b8663001a174a.mp3*~data=user_id=0,application_id=42~hmac=d43c74974d719bcc899410e46b841285c1aa51529dcc8ec605363e557c419f9a",https://cdn-images.dzcdn.net/images/cover/69c7916fa2b2c4cf24fc19a7bf3f7262/250x250-000000-80-0-0.jpg
1HqVCK9h4LiJ61aRrrKTAt,Freddie King,Thanksgiving Party,Stumble,0,216626,False,0.678,0.612,4,-9.764,1,0.0339,0.1,0.316,0.164,0.857,118.381,4,acoustic,acoustic,"https://cdnt-preview.dzcdn.net/api/1/1/a/7/f/0/a7f36d083508c31177c3004eea40ffae.mp3?hdnea=exp=1785601240~acl=/api/1/1/a/7/f/0/a7f36d083508c31177c3004eea40ffae.mp3*~data=user_id=0,application_id=42~hmac=99b89fe5bf64adcd6dc068150fee30dc9937bbc2e28ce32fc57e39fc61c0cdef",https://cdn-images.dzcdn.net/images/cover/ee94ea7ed439b4b874d651b8bcd80d2f/250x250-000000-80-0-0.jpg
0wP19iM8ULJyV0r0LFDsDv,Taj Mahal,Supa Chill,Paradise,0,251426,False,0.65,0.406,7,-13.492,1,0.0761,0.568,0.0,0.484,0.862,79.642,4,acoustic,acoustic,"https://cdnt-preview.dzcdn.net/api/1/1/e/3/d/0/e3d34c75af80a10fabd892f919b26701.mp3?hdnea=exp=1785601235~acl=/api/1/1/e/3/d/0/e3d34c75af80a10fabd892f919b26701.mp3*~data=user_id=0,application_id=42~hmac=ab110f9d536893e8acd18425ffc6744c7a277cff52581116172db376b945b613",https://cdn-images.dzcdn.net/images/cover/5c5ffe3d632ae1e478e790c343c601d9/250x250-000000-80-0-0.jpg
27Fq4XyOkogdGLcfsVdjFb,Keb' Mo';Gerald Albright,Un tecito y a mimir,"Moonlight, Mistletoe & You",0,209293,False,0.649,0.399,6,-7.894,1,0.0256,0.184,0.000108,0.113,0.342,97.498,3,acoustic,acoustic,"https://cdnt-preview.dzcdn.net/api/1/1/e/5/3/0/e53a4e5a142d6dbc1f57c929696c99a1.mp3?hdnea=exp=1785601237~acl=/api/1/1/e/5/3/0/e53a4e5a142d6dbc1f57c929696c99a1.mp3*~data=user_id=0,application_id=42~hmac=aa3d4ed182b80551c87dff579d608d2488ec2b28393095da8410e50b618a7b3e",https://cdn-images.dzcdn.net/images/cover/ba60e499a8c8d322e3686596923e81f0/250x250-000000-80-0-0.jpg
45jGOHwYKgsRYbAJ8DR61d,Motohiro Hata,青の光景,ひまわりの約束,61,308146,False,0.523,0.445,10,-6.359,1,0.0329,0.188,0.0,0.18,0.336,78.957,4,Pop,acoustic,"https://cdnt-preview.dzcdn.net/api/1/1/4/6/7/0/467b54aa771e299c2a36b77bc3b1babc.mp3?hdnea=exp=1785601236~acl=/api/1/1/4/6/7/0/467b54aa771e299c2a36b77bc3b1babc.mp3*~data=user_id=0,application_id=42~hmac=fffc3c1ec06e3521cfe8679735a1cc35059bc145077a270d2a13e8bcfcc6dcb4",https://cdn-images.dzcdn.net/images/cover/dc1778b18eec7b027fdc1abc5324aee5/250x250-000000-80-0-0.jpg
4iObEYRE4FLm0D90gmZFef,Thomas Daniel,Since U Been Gone,Since U Been Gone - Acoustic Version,50,221170,False,0.538,0.162,5,-13.31,1,0.0299,0.847,0.0,0.114,0.366,94.981,4,acoustic,acoustic,"https://cdnt-preview.dzcdn.net/api/1/1/6/e/9/0/6e9274bf9ca1f0dbc0013e95e0d034e0.mp3?hdnea=exp=1785601237~acl=/api/1/1/6/e/9/0/6e9274bf9ca1f0dbc0013e95e0d034e0.mp3*~data=user_id=0,application_id=42~hmac=ba52afdc5466483de4cd195123f2871dcd827b098b04fee1cda32a1881404c7c",https://cdn-images.dzcdn.net/images/cover/7388afcea3c5faf122cb06aba29b350c/250x250-000000-80-0-0.jpg
3akr0ZrJxLMBLIFeNNKffW,Masayoshi Yamazaki,"One more time,One more chance","One more time,One more chance",47,330786,False,0.519,0.429,11,-7.707,0,0.0317,0.658,0.0,0.111,0.396,129.491,4,Música asiática,acoustic,"https://cdnt-preview.dzcdn.net/api/1/1/f/9/1/0/f91fcf3cecb30e182a4a2e2dd5285cf3.mp3?hdnea=exp=1785601237~acl=/api/1/1/f/9/1/0/f91fcf3cecb30e182a4a2e2dd5285cf3.mp3*~data=user_id=0,application_id=42~hmac=8c95a931d79fb422f7dc9075c3c87873d62f19a0983308494ea85579c939e8a0",https://cdn-images.dzcdn.net/images/cover/27bf423e63aa3c400bae3259c1545ec7/250x250-000000-80-0-0.jpg
7BRwh1bemr9rFMDeTbcy5S,Kina Grannis,Creep,Creep,58,234135,False,0.585,0.103,7,-12.682,1,0.0309,0.801,0.0,0.126,0.179,133.057,4,Singer & Songwriter,acoustic,"https://cdnt-preview.dzcdn.net/api/1/1/4/1/6/0/416e04812da73417c2acc3035e9c666d.mp3?hdnea=exp=1785601237~acl=/api/1/1/4/1/6/0/416e04812da73417c2acc3035e9c666d.mp3*~data=user_id=0,application_id=42~hmac=98a9c9b3755d11d7afc7f5e7af572f51a135d080fdac1065ad78fed15c46e274",https://cdn-images.dzcdn.net/images/cover/2549d43e79e4282ab7614899fd7758c0/250x250-000000-80-0-0.jpg
3rzRo91l4htQvMXhsiECAX,Todd Carey;Ariza;Chuck Leavell,Higher Love,Higher Love,30,173250,False,0.578,0.763,2,-4.824,1,0.0998,0.0916,2.8e-06,0.0743,0.394,96.808,4,Rock,acoustic,"https://cdnt-preview.dzcdn.net/api/1/1/c/3/2/0/c322f1fc525b1f9806badb0689f42582.mp3?hdnea=exp=1785601237~acl=/api/1/1/c/3/2/0/c322f1fc525b1f9806badb0689f42582.mp3*~data=user_id=0,application_id=42~hmac=d00f17340dc2712594c6ddeeeeafb5d3e46db2d675b0b997fa9878f286f06c80",https://cdn-images.dzcdn.net/images/cover/45eba9f0901076a3d1ddd51ba3df0303/250x250-000000-80-0-0.jpg
0v1vufjir4OE4iRckLMoLd,YUZU,Shinsekai,Hyouriittai,52,336619,False,0.223,0.891,1,-3.626,0,0.138,0.325,0.0,0.287,0.333,159.888,4,Rock,acoustic,"https://cdnt-preview.dzcdn.net/api/1/1/3/7/9/0/3793655b14c2cb190523c0d97e48071c.mp3?hdnea=exp=1785601239~acl=/api/1/1/3/7/9/0/3793655b14c2cb190523c0d97e48071c.mp3*~data=user_id=0,application_id=42~hmac=6334e350141025371bc639fbbcda8c98e5dd4c3bd9810bccef557e586486ad40",https://cdn-images.dzcdn.net/images/cover/5298f409978252f34af523afa4a927a8/250x250-000000-80-0-0.jpg
4vAnqYqm1DOo5IDVcxORX3,Canyon City,How Long Will I Love You,How Long Will I Love You,55,144830,False,0.382,0.157,1,-16.157,1,0.0361,0.878,0.000473,0.112,0.224,136.11,4,acoustic,acoustic,"https://cdnt-preview.dzcdn.net/api/1/1/6/3/1/0/63194b315d01862cbc2845b57fa2a117.mp3?hdnea=exp=1785601237~acl=/api/1/1/6/3/1/0/63194b315d01862cbc2845b57fa2a117.mp3*~data=user_id=0,application_id=42~hmac=fd18153db0b5cc6b0d1e4507915d3481a0a2d893347206d1401ab1f710ebc0f5",https://cdn-images.dzcdn.net/images/cover/986713c56a6b9ecdea18c322a51e2b11/250x250-000000-80-0-0.jpg
2X5AFygz5SDYlXagyPw8kX,Zack Tabudlo,Binibini,Binibini,67,221538,False,0.642,0.374,5,-10.606,1,0.032,0.423,1.54e-06,0.435,0.0979,129.863,4,acoustic,acoustic,,
13GvSZgg9LOs3M9uGbWsPE,Aron Wright,You Were Supposed to Be Different,You Were Supposed to Be Different,45,192972,False,0.436,0.239,7,-12.83,1,0.0282,0.861,8.48e-05,0.0902,0.137,73.761,4,acoustic,acoustic,,
4cR4nao0hqqBtklQmGVqbe,Boyce Avenue,"Cover Sessions, Vol. 3",Thinking out Loud,56,278640,False,0.702,0.326,1,-6.638,1,0.0272,0.705,0.0,0.168,0.628,79.904,4,Rock,acoustic,"https://cdnt-preview.dzcdn.net/api/1/1/a/5/1/0/a5195c48a5e33fbd84d7982fb16a580f.mp3?hdnea=exp=1785601239~acl=/api/1/1/a/5/1/0/a5195c48a5e33fbd84d7982fb16a580f.mp3*~data=user_id=0,application_id=42~hmac=a0770af34cfced11eeba72c73a1f43374af441bb38f5237caad580a0aa86396e",https://cdn-images.dzcdn.net/images/cover/dbc0055f569d36f813f37e8d55583c0a/250x250-000000-80-0-0.jpg
4x7AdVDV9IFWp8pg4LMz90,Jonah Baker,Covers,Perfect / Style,37,212864,False,0.593,0.292,11,-12.755,1,0.0364,0.828,0.0,0.174,0.375,111.121,4,Pop,acoustic,"https://cdnt-preview.dzcdn.net/api/1/1/4/f/f/0/4ff116d0ce9932ddec551757dd5ae7d4.mp3?hdnea=exp=1785601238~acl=/api/1/1/4/f/f/0/4ff116d0ce9932ddec551757dd5ae7d4.mp3*~data=user_id=0,application_id=42~hmac=76a6501959a1e1818cb055459a41d74a696c88bde1c1276cc3cdc18ea10c8e59",https://cdn-images.dzcdn.net/images/cover/704af46a9cac903f149a61e98b70ff3c/250x250-000000-80-0-0.jpg
5eNYumDY5PCXtKKJ0SWg2r,The Civil Wars,Barton Hollow,Poison & Wine,54,219466,False,0.285,0.186,1,-12.729,1,0.0288,0.76,7.3e-05,0.104,0.203,153.848,4,acoustic,acoustic,"https://cdnt-preview.dzcdn.net/api/1/1/6/5/b/0/65b1de47cb8848ddf8e3c309ab877295.mp3?hdnea=exp=1785601239~acl=/api/1/1/6/5/b/0/65b1de47cb8848ddf8e3c309ab877295.mp3*~data=user_id=0,application_id=42~hmac=a8320e35bdcddbed9405c3d7a60bc7e8628dae25a41dab8f65ef53dce266b86b",https://cdn-images.dzcdn.net/images/cover/25e099f9c2397c41a4b5f89caba087b0/250x250-000000-80-0-0.jpg
6dwkFmLUz6hx2CZG2EqLol,Howie Day,Stop All The World Now,Collide,66,249120,False,0.636,0.625,11,-7.895,1,0.0277,0.222,5.35e-05,0.119,0.342,93.931,4,Pop,acoustic,"https://cdnt-preview.dzcdn.net/api/1/1/5/4/7/0/547dcb75be6e7f0bd05f5abdcead6577.mp3?hdnea=exp=1785601239~acl=/api/1/1/5/4/7/0/547dcb75be6e7f0bd05f5abdcead6577.mp3*~data=user_id=0,application_id=42~hmac=8c7170fd993fccc17ffd66442a3b9d4f76b8189eac792e3c335624b1e4596d45",https://cdn-images.dzcdn.net/images/cover/d967b9356ed0532c98a876ef6237418b/250x250-000000-80-0-0.jpg
7aohwSiTDju51QmC54AUba,Ingrid Michaelson,Be OK,You And I,63,148400,False,0.698,0.285,0,-7.632,1,0.0553,0.927,0.0,0.0883,0.53,135.027,4,Pop,acoustic,"https://cdnt-preview.dzcdn.net/api/1/1/4/7/4/0/4741a6dd7271894e538680dacf927b79.mp3?hdnea=exp=1785601239~acl=/api/1/1/4/7/4/0/4741a6dd7271894e538680dacf927b79.mp3*~data=user_id=0,application_id=42~hmac=224843ce00b0d0c620fb23d743873c951fe6230d5e17bcb9998909cb7454d910",https://cdn-images.dzcdn.net/images/cover/53e0211190a6f865c2132c5f4dd13637/250x250-000000-80-0-0.jpg
7g3ryXLtXExZ0OFCj17Ae1,Zack Tabudlo;Billkin,Give Me Your Forever,Give Me Your Forever (ft. Billkin),58,244800,False,0.601,0.439,8,-7.589,1,0.0269,0.0642,0.0,0.0942,0.275,99.976,4,Pop,acoustic,https://audio-ssl.itunes.apple.com/itunes-assets/AudioPreview125/v4/ca/2b/20/ca2b201e-739c-6500-217a-ad6a7864b462/mzaf_8357718588881683590.plus.aac.p.m4a,https://is1-ssl.mzstatic.com/image/thumb/Music115/v4/f8/fe/aa/f8feaae7-f0ec-ab22-c06f-1ca45232ea14/21UM1IM13834.rgb.jpg/100x100bb.jpg
5MrgVJzR1du1gz8XWe4m28,Landon Pigg,Coffee Shop,Falling in Love at a Coffee Shop,55,270840,False,0.332,0.298,4,-14.174,1,0.0569,0.875,0.00784,0.114,0.243,83.555,4,Alternative,acoustic,https://audio-ssl.itunes.apple.com/itunes-assets/AudioPreview116/v4/3f/b2/12/3fb21243-3514-d605-765f-668ca6950e4e/mzaf_9689496126599507838.plus.aac.p.m4a,https://is1-ssl.mzstatic.com/image/thumb/Features125/v4/a6/ed/1a/a6ed1a4f-88d0-32be-6856-cabcb0d8900b/dj.ynctqhby.jpg/100x100bb.jpg
5auMzVHFr5Zfw6IbKarZ56,Anna Nalick,Wreck of the Day,Breathe (2 AM),65,279826,False,0.386,0.452,2,-7.715,1,0.0278,0.417,0.0,0.0881,0.287,169.837,3,Filmes/Games,acoustic,"https://cdnt-preview.dzcdn.net/api/1/1/c/a/3/0/ca378594a6729ff360c84df295f268db.mp3?hdnea=exp=1785601239~acl=/api/1/1/c/a/3/0/ca378594a6729ff360c84df295f268db.mp3*~data=user_id=0,application_id=42~hmac=37a45010b2b60b59996f4d934666eab0c29e4fe9c3c1382dce90695f0f656a5a",https://cdn-images.dzcdn.net/images/cover/bfa4cfcf517fc5149ee5439a4a0cb338/250x250-000000-80-0-0.jpg
63bmIgH9sS6sX5Sc7MetGq,Zack Tabudlo,Episode,Habang Buhay,69,244067,False,0.62,0.668,9,-5.719,1,0.0305,0.088,0.0,0.362,0.183,118.013,4,Pop,acoustic,"https://cdnt-preview.dzcdn.net/api/1/1/2/c/c/0/2cc0dbcd35a1c04029a310c94f96f38c.mp3?hdnea=exp=1785601239~acl=/api/1/1/2/c/c/0/2cc0dbcd35a1c04029a310c94f96f38c.mp3*~data=user_id=0,application_id=42~hmac=1a30b20a46ddff768dca7b793833066513c24690885fd508f324ffebcc616791",https://cdn-images.dzcdn.net/images/cover/272d2cc7a8bd67bed451c3144aa35872/250x250-000000-80-0-0.jpg
3ZjSJv88euP3CdvTg07dZL,Jonah Baker,Beautiful Soul,Beautiful Soul,44,214738,False,0.394,0.281,9,-11.12,1,0.0414,0.826,0.0,0.0854,0.485,90.044,4,Pop,acoustic,"https://cdnt-preview.dzcdn.net/api/1/1/e/5/3/0/e53c359901f7778fd142cfb8a0d0f052.mp3?hdnea=exp=1785601244~acl=/api/1/1/e/5/3/0/e53c359901f7778fd142cfb8a0d0f052.mp3*~data=user_id=0,application_id=42~hmac=53cbea882c63f54b4ec37814ff366e0618b038f12f230520bb11ab01a9f117bd",https://cdn-images.dzcdn.net/images/cover/cc1877b8e372fa525c37cca950ddccda/250x250-000000-80-0-0.jpg
14BMBNRzv24eG6OKoIgPfP,Ben Woodward,Bulletproof,Bulletproof,39,207677,False,0.59,0.552,7,-10.496,1,0.0407,0.654,0.000359,0.128,0.635,155.101,5,Pop,acoustic,"https://cdnt-preview.dzcdn.net/api/1/1/a/d/6/0/ad660759b4f295c5bfb23baaeea31be8.mp3?hdnea=exp=1785601240~acl=/api/1/1/a/d/6/0/ad660759b4f295c5bfb23baaeea31be8.mp3*~data=user_id=0,application_id=42~hmac=ede16e8971a6907c012b8b8ddd992feb15ebc5d1dcf1287f01c442757fa5ec10",https://cdn-images.dzcdn.net/images/cover/2f2eaac67b5ba5bd64548043856f2901/250x250-000000-80-0-0.jpg
5pEmeoMUW38w1oU3kPelvR,Andrew Belle,Nightshade,Spectrum,54,265506,False,0.539,0.717,3,-7.385,1,0.031,0.000298,0.111,0.125,0.212,117.973,4,Alternativo,acoustic,"https://cdnt-preview.dzcdn.net/api/1/1/c/5/a/0/c5a858acf8fa60263d07549af6281d09.mp3?hdnea=exp=1785601240~acl=/api/1/1/c/5/a/0/c5a858acf8fa60263d07549af6281d09.mp3*~data=user_id=0,application_id=42~hmac=6e63a58aff76065af616a68f6af5a2c34d7296561240a62af957f7a5c16992c7",https://cdn-images.dzcdn.net/images/cover/69a74c5431d6bbaa47f0dfc5efd14a47/250x250-000000-80-0-0.jpg
2h3VsZVKQeT0yLNQtCIRjn,Jonah Baker,Girls Like You (Acoustic Version),Girls Like You - Acoustic Version,44,188494,False,0.543,0.138,0,-14.331,1,0.0531,0.791,0.0,0.185,0.3,115.65,4,acoustic,acoustic,,
1dcNEEtODRVZEevQ20Cgmy,Zack Tabudlo,Nangangamba,Nangangamba,70,210354,False,0.62,0.547,1,-6.772,1,0.0248,0.112,0.0,0.19,0.208,98.032,4,Pop,acoustic,"https://cdnt-preview.dzcdn.net/api/1/1/b/2/7/0/b2792bb0aca9625e2f792b5f3fc139b7.mp3?hdnea=exp=1785601240~acl=/api/1/1/b/2/7/0/b2792bb0aca9625e2f792b5f3fc139b7.mp3*~data=user_id=0,application_id=42~hmac=ad16457020cff7c8fc2f4f8880b63d11d168e293f764d5e1aab3d321dfadea1b",https://cdn-images.dzcdn.net/images/cover/b858f34f2e8c5d2a1176a347b9355616/250x250-000000-80-0-0.jpg
6huS9u0BDfeQHq0lObNLPl,Us The Duo,Better Together,Better Together,64,200706,False,0.761,0.311,5,-10.597,1,0.0692,0.647,0.0,0.15,0.553,109.891,4,acoustic,acoustic,"https://cdnt-preview.dzcdn.net/api/1/1/9/3/b/0/93bcd9867d7bed80a638b720741e78bc.mp3?hdnea=exp=1785601242~acl=/api/1/1/9/3/b/0/93bcd9867d7bed80a638b720741e78bc.mp3*~data=user_id=0,application_id=42~hmac=c1c279e664de4ea4a6136b491513198f8081057c9f5af9f173709964f9b1fe0b",https://cdn-images.dzcdn.net/images/cover/43a4d70116c4e213c035ab3d684ed689/250x250-000000-80-0-0.jpg
14NiShC5b46yQxBN1mu9VJ,Andrew Foy;Renee Foy,Heartbreak Anniversary,Heartbreak Anniversary,40,199256,False,0.674,0.122,1,-17.963,1,0.0427,0.882,0.0,0.139,0.339,130.014,4,Dance,acoustic,"https://cdnt-preview.dzcdn.net/api/1/1/7/f/4/0/7f44327a106902d1103364a1a6a37972.mp3?hdnea=exp=1785601240~acl=/api/1/1/7/f/4/0/7f44327a106902d1103364a1a6a37972.mp3*~data=user_id=0,application_id=42~hmac=ab606dee5d089ad88f71fe83d102befc21545893a974863c8d8af0f38d18f986",https://cdn-images.dzcdn.net/images/cover/f91310dd891cdf586fa13ba1860502a9/250x250-000000-80-0-0.jpg
3DyhwZyBFedvnt68fMi6vf,Tyler Ward;Karis;Ray Lorraine,One More Time Around,One More Time Around,47,205666,False,0.429,0.358,0,-9.076,1,0.0346,0.614,0.0,0.0875,0.187,134.279,4,Singer & Songwriter,acoustic,"https://cdnt-preview.dzcdn.net/api/1/1/b/e/f/0/bef1d7f8077cdabf05103cbe3f86e67e.mp3?hdnea=exp=1785601241~acl=/api/1/1/b/e/f/0/bef1d7f8077cdabf05103cbe3f86e67e.mp3*~data=user_id=0,application_id=42~hmac=9253edcfae3b67816f922e07b960cc39b009c6414eb06371f8ad6027d3809ed5",https://cdn-images.dzcdn.net/images/cover/91d30a54d94d13ac6b92e276a7a9fa7f/250x250-000000-80-0-0.jpg
6kRZfOZSuoi0Htg6gROKDz,A Great Big World,流星花園音樂專輯,Say Something,40,229573,False,0.456,0.101,2,-11.75,1,0.038,0.876,1.74e-06,0.0776,0.155,139.896,3,Pop,acoustic,https://audio-ssl.itunes.apple.com/itunes-assets/AudioPreview115/v4/61/59/6d/61596d88-b3fd-bcf0-2572-f805d976d291/mzaf_5012302252314646019.plus.aac.p.m4a,https://is1-ssl.mzstatic.com/image/thumb/Music125/v4/f4/19/56/f41956df-120e-321f-a1cb-626b48c14ab6/886444314022.jpg/100x100bb.jpg
5e9DrLUUZraUE7mmniufjn,Zack Tabudlo,Episode,Heart Can’t Lose,55,240952,False,0.647,0.567,1,-8.971,1,0.0328,0.0318,0.0,0.133,0.374,125.871,4,Pop,acoustic,"https://cdnt-preview.dzcdn.net/api/1/1/7/a/2/0/7a2c63b51a2481b85a8f90e5425e460e.mp3?hdnea=exp=1785601241~acl=/api/1/1/7/a/2/0/7a2c63b51a2481b85a8f90e5425e460e.mp3*~data=user_id=0,application_id=42~hmac=45845c7ebaf02bb3213bdee536362644a2b1a97807f99fff8dd6101e03a65b44",https://cdn-images.dzcdn.net/images/cover/0171978099daef5ae3935dbb29f3aa34/250x250-000000-80-0-0.jpg
2z3HKlpENvfz1Am2MNF2pL,Donovan Woods;Tenille Townes,The Other Way,I Ain't Ever Loved No One - Acoustic,57,199594,False,0.322,0.213,10,-14.915,0,0.0318,0.611,0.0,0.113,0.16,160.389,4,Folk,acoustic,"https://cdnt-preview.dzcdn.net/api/1/1/a/1/e/0/a1ec3f2bdbdd405b2dc9811771ee6a75.mp3?hdnea=exp=1785601241~acl=/api/1/1/a/1/e/0/a1ec3f2bdbdd405b2dc9811771ee6a75.mp3*~data=user_id=0,application_id=42~hmac=a57df9e6424ddbf094e3a0b59aadef9265c0be6d48802bf96b4213c41f955bb5",https://cdn-images.dzcdn.net/images/cover/cd87dc43c2301f6b5215292d645038a1/250x250-000000-80-0-0.jpg
33JX2be3eKVhl5xk8YQhVc,Ray LaMontagne,Till The Sun Turns Black,Empty,48,317280,False,0.482,0.381,2,-13.93,1,0.0311,0.455,0.00295,0.114,0.42,81.712,4,Singer & Songwriter,acoustic,"https://cdnt-preview.dzcdn.net/api/1/1/a/d/5/0/ad516a30aefa502cbfd828f6bcd2e151.mp3?hdnea=exp=1785601241~acl=/api/1/1/a/d/5/0/ad516a30aefa502cbfd828f6bcd2e151.mp3*~data=user_id=0,application_id=42~hmac=c9439b07ab884769b4d313c612fcb0a4d296a2a1eb1c5eaff3a09e43bf3228b8",https://cdn-images.dzcdn.net/images/cover/e07cce21fc568d68ed8af20dace73302/250x250-000000-80-0-0.jpg
29Ns3avs48iQhNQgrHMEkm,Megan Davies,"See You Again, Love Me Like You Do, Sugar (Acoustic Mashup)","See You Again, Love Me Like You Do, Sugar - Acoustic Mashup",54,231965,False,0.393,0.207,10,-11.865,1,0.0392,0.877,0.0,0.104,0.262,163.99,4,Pop,acoustic,"https://cdnt-preview.dzcdn.net/api/1/1/d/1/d/0/d1d52c53804b0428fa0cbc73d28f66be.mp3?hdnea=exp=1785601241~acl=/api/1/1/d/1/d/0/d1d52c53804b0428fa0cbc73d28f66be.mp3*~data=user_id=0,application_id=42~hmac=f7e0a713579c8ccd7391851431fefc115a2acf927e74ec1180d93c1892440df2",https://cdn-images.dzcdn.net/images/cover/f23fb8b1bb17c2fa02600d8b1a5fb81a/250x250-000000-80-0-0.jpg
2XDxQ3VzovLzh60zgOaNEi,Tim Halperin,Covers,The Reason,53,200800,False,0.423,0.207,7,-8.811,1,0.0289,0.887,0.0,0.0948,0.209,149.664,4,acoustic,acoustic,"https://cdnt-preview.dzcdn.net/api/1/1/a/e/4/0/ae4b8ba941331b282ba3f39cf5bc1e9f.mp3?hdnea=exp=1785601241~acl=/api/1/1/a/e/4/0/ae4b8ba941331b282ba3f39cf5bc1e9f.mp3*~data=user_id=0,application_id=42~hmac=545d7cc264b6d3780dc58728c68e28f0ab5db17f9bc1ffa72edb774c8fdd6aee",https://cdn-images.dzcdn.net/images/cover/60279723141cfc8a956d8140c04edcfa/250x250-000000-80-0-0.jpg
0J4sK2VO75cRSVoj0FokQn,Canyon City,Refuge,Fix You,60,261665,False,0.522,0.152,2,-14.996,1,0.0303,0.788,2.37e-05,0.148,0.133,144.055,4,acoustic,acoustic,"https://cdnt-preview.dzcdn.net/api/1/1/8/b/e/0/8bee807175d28f9f7708ab94ba99a3be.mp3?hdnea=exp=1785601241~acl=/api/1/1/8/b/e/0/8bee807175d28f9f7708ab94ba99a3be.mp3*~data=user_id=0,application_id=42~hmac=3597728b3687cba6a293c6898d890f01a5404a4cd2263e2a261e42637e10c68b",https://cdn-images.dzcdn.net/images/cover/fefbfc7e49d080eb7e5112c76d5a604b/250x250-000000-80-0-0.jpg
7bpR5j22mNID1pXwgRcZP1,JJ Heller,Hand to Hold,Hand to Hold,54,231605,False,0.547,0.313,0,-7.982,1,0.0315,0.612,7.97e-06,0.111,0.261,133.737,4,acoustic,acoustic,"https://cdnt-preview.dzcdn.net/api/1/1/a/0/c/0/a0c3ebc77c7183a17dd980e28cab49e9.mp3?hdnea=exp=1785601241~acl=/api/1/1/a/0/c/0/a0c3ebc77c7183a17dd980e28cab49e9.mp3*~data=user_id=0,application_id=42~hmac=c38312ea5681dd5100bc7b4dc49f93f0dc3f2d832aa22fcf266dff9f54c2b681",https://cdn-images.dzcdn.net/images/cover/f23375d9eb9b47732bdf9d357f672719/250x250-000000-80-0-0.jpg
1U1GtaJeYwGsPgqV9Me5bb,Ray LaMontagne,Trouble,Hold You in My Arms,62,306200,False,0.504,0.321,7,-13.807,1,0.0316,0.149,0.000107,0.147,0.577,170.134,3,acoustic,acoustic,"https://cdnt-preview.dzcdn.net/api/1/1/5/b/4/0/5b46e267d1458d28f8eb4ace342e02d2.mp3?hdnea=exp=1785601242~acl=/api/1/1/5/b/4/0/5b46e267d1458d28f8eb4ace342e02d2.mp3*~data=user_id=0,application_id=42~hmac=ee13703b17e8b562acaa4c6c1946473a461c4b5c76413f38b7ecda7a18968ea4",https://cdn-images.dzcdn.net/images/cover/acffa925a1ec97958dc2716f939676ac/250x250-000000-80-0-0.jpg
34p2uL1CvmaHn3uLfOKt8d,Us The Duo,Public Record,One Last Dance,51,224847,False,0.466,0.161,7,-14.498,1,0.0492,0.979,0.000238,0.231,0.171,139.167,3,Pop,acoustic,"https://cdnt-preview.dzcdn.net/api/1/1/5/0/e/0/50e64cdf12bccb6b309def9c9b8f1202.mp3?hdnea=exp=1785601242~acl=/api/1/1/5/0/e/0/50e64cdf12bccb6b309def9c9b8f1202.mp3*~data=user_id=0,application_id=42~hmac=9e5e8ad3427537d0ec3213589fe168eeec30285207351c4af220e4ddaf2fb84d",https://cdn-images.dzcdn.net/images/cover/1bc555b581156a5b995a9105e3293e67/250x250-000000-80-0-0.jpg
2EKxmYmUdAVXlaHCnnW13o,Boyce Avenue;Megan Nicole,"Cover Sessions, Vol. 2",Heaven,61,250063,False,0.619,0.28,8,-10.238,0,0.0317,0.73,0.0,0.103,0.292,129.948,4,acoustic,acoustic,,
1jkBuvWI9IGEz9thXiKOlP,Joshua Hyslop,In Deepest Blue (Bonus Track Version),The Spark - Bonus Track,51,201933,False,0.596,0.429,3,-10.16,1,0.0377,0.775,0.0107,0.0962,0.229,148.086,4,acoustic,acoustic,,
7K36drJq6lInkW6Kkojucp,Drew Holcomb & The Neighbors,Medicine,American Beauty,63,158013,False,0.645,0.169,9,-15.744,1,0.0317,0.844,0.00019,0.109,0.178,167.826,4,Pop,acoustic,"https://cdnt-preview.dzcdn.net/api/1/1/b/0/7/0/b07b957d96644abafda0985e019b4526.mp3?hdnea=exp=1785601246~acl=/api/1/1/b/0/7/0/b07b957d96644abafda0985e019b4526.mp3*~data=user_id=0,application_id=42~hmac=37e9d0da6a21b7f8a5406aa7243581fd2215355890a3951f77a0e276978f3f4b",https://cdn-images.dzcdn.net/images/cover/013ae9ed94160d0aa43aae205772f4e6/250x250-000000-80-0-0.jpg
4PuUa8e5s7P3Zv1IdCGIsa,Ray LaMontagne,Part Of The Light,Such A Simple Thing,65,296386,False,0.522,0.256,10,-11.216,1,0.0258,0.86,0.000806,0.142,0.13,76.349,4,acoustic,acoustic,,
72SPsHheqN6J3sI520jT9E,Amos Lee,Amos Lee,Colors,64,160453,False,0.681,0.168,7,-13.397,1,0.0291,0.793,0.000134,0.109,0.29,128.615,4,acoustic,acoustic,,
52J3WARiRHMtXbFXUWrVgu,Boyce Avenue,"Cover Sessions, Vol. 6",Someone You Loved,57,182442,False,0.736,0.364,1,-5.966,1,0.0349,0.741,0.0,0.0932,0.371,110.023,4,acoustic,acoustic,,
03VNgdCL9t8aPyvwZecglI,Jason Mraz;Meghan Trainor,Know.,More Than Friends (feat. Meghan Trainor),54,181360,False,0.451,0.528,2,-6.984,1,0.0364,0.366,0.0,0.0811,0.527,139.28,5,acoustic,acoustic,,
3M6NL7PxIDZ3ArfPrBUTUP,Days N Daze,Show Me the Blueprints.,Flurry Rush,37,169318,True,0.371,0.674,9,-3.72,1,0.0488,0.169,0.0,0.0889,0.92,87.603,4,Alternativo,acoustic,"https://cdnt-preview.dzcdn.net/api/1/1/a/e/a/0/aea3d792372a21425c5b666915ccdf44.mp3?hdnea=exp=1785601246~acl=/api/1/1/a/e/a/0/aea3d792372a21425c5b666915ccdf44.mp3*~data=user_id=0,application_id=42~hmac=442b4fdb39ec256ffdcbc60f537f2d32b8ef921d57e986563f5970ee379d8b0a",https://cdn-images.dzcdn.net/images/cover/301ee375e1dfebc000ffd971cc489773/250x250-000000-80-0-0.jpg
7jJH8F3PHlNvxfqEAAfFDl,Sara Bareilles,The Blessed Unrest,I Choose You,63,218573,False,0.731,0.572,6,-7.889,0,0.0445,0.105,0.00012,0.133,0.947,154.038,4,Pop,acoustic,"https://cdnt-preview.dzcdn.net/api/1/1/f/5/f/0/f5f9cb36edf5dbd2ed77616cfb032b6e.mp3?hdnea=exp=1785601246~acl=/api/1/1/f/5/f/0/f5f9cb36edf5dbd2ed77616cfb032b6e.mp3*~data=user_id=0,application_id=42~hmac=0fd63b8441705f7b06688d5041ec2a37c4e1106d166e26b923f7389f94058385",https://cdn-images.dzcdn.net/images/cover/4cb2dd6bbf302f28521c999a48b7ee83/250x250-000000-80-0-0.jpg
6JNEDSev5Tp5VQR04SEBfV,Mindy Gledhill,Anchor,I Do Adore,53,149160,False,0.69,0.334,9,-5.626,1,0.066,0.947,0.0,0.0895,0.8,74.721,4,acoustic,acoustic,,
1gRa1tyGV1GY60QgU5DkQH,Dave Barnes,Christmas Faves 2022,I'll Be Home For Christmas,0,183293,False,0.594,0.307,10,-13.062,1,0.0249,0.796,0.0414,0.15,0.24,94.026,3,acoustic,acoustic,"https://cdnt-preview.dzcdn.net/api/1/1/1/f/b/0/1fbb6999f34f84cf48313a2364d7c99a.mp3?hdnea=exp=1785601246~acl=/api/1/1/1/f/b/0/1fbb6999f34f84cf48313a2364d7c99a.mp3*~data=user_id=0,application_id=42~hmac=8a2f2102a5a56a32605c0820a15960a69dd7aa061129b5abbe5ee1a2de45bf91",https://cdn-images.dzcdn.net/images/cover/63e5e49ec171b7ea541c221ca2da2ec6/250x250-000000-80-0-0.jpg
5DUAKXpyv3nL50PnAQbPS0,Get Dead,Tall Cans & Loose Ends,Fuck You,36,169266,True,0.608,0.917,11,-5.341,1,0.0601,0.236,0.0,0.13,0.936,117.875,4,acoustic,acoustic,,
6OCsvPU6P84wJ0erggCRv4,Albert King,pov: you have a holly jolly christmas,Christmas Comes But Once A Year,0,272640,False,0.687,0.494,1,-9.421,1,0.0505,0.324,5.5e-05,0.0867,0.621,93.269,1,acoustic,acoustic,,
7qJtNgmUyzy3R86vJwk9Wp,Albert King,pov: you rock around the christmas tree,Christmas Comes But Once A Year,0,272640,False,0.687,0.494,1,-9.421,1,0.0505,0.324,5.5e-05,0.0867,0.621,93.269,1,acoustic,acoustic,,
6hy5eqMQ36KAChR1ZZ05zc,John Adams,If I Ain't Got You (Acoustic),If I Ain't Got You - Acoustic,55,176509,False,0.652,0.15,5,-12.699,1,0.0363,0.923,0.0,0.102,0.361,104.018,3,Pop,acoustic,"https://cdnt-preview.dzcdn.net/api/1/1/a/c/d/0/acde9a57c6df730a5cd5d548d607a112.mp3?hdnea=exp=1785601248~acl=/api/1/1/a/c/d/0/acde9a57c6df730a5cd5d548d607a112.mp3*~data=user_id=0,application_id=42~hmac=ace92c75c527471d7196d623f804bee9689a08f074d6602513f4f0b34ef7bad7",https://cdn-images.dzcdn.net/images/cover/741ec542279967f8cd369ff08993d87a/250x250-000000-80-0-0.jpg
4Gcx0DkgBVticyPDpezwg5,John Adams,Believe (Acoustic),Believe - Acoustic,57,179886,False,0.765,0.241,4,-8.865,1,0.0373,0.873,0.0,0.111,0.182,123.95,4,acoustic,acoustic,,
0fUB9bwvKLRpOB18YZHz5N,Adam Christopher,Iris (Acoustic),Iris - Acoustic,54,184200,False,0.589,0.249,2,-10.086,1,0.0329,0.717,0.0,0.106,0.363,150.096,3,acoustic,acoustic,,
0I0l2Oo5zjpCEphpDJL0Pm,Motohiro Hata,言ノ葉,Rain - Long Ver.,44,447306,False,0.588,0.604,9,-7.602,1,0.024,0.343,6.86e-05,0.252,0.351,92.02,4,acoustic,acoustic,,
4v0RBzYNzTknP6d0zN2VQb,Aoi Teshima,Cheek to Cheek~I Love Cinemas~,C'est si bon,51,108346,False,0.735,0.203,9,-13.237,0,0.0539,0.854,0.00164,0.105,0.479,113.913,4,acoustic,acoustic,,
1FQH1FxPwwIj9aKyPBDf9b,Jonah Baker,Baby (Acoustic Version),Baby (Acoustic Version),42,160768,False,0.655,0.147,8,-14.409,1,0.0371,0.88,0.0,0.266,0.328,116.103,4,Pop,acoustic,"https://cdnt-preview.dzcdn.net/api/1/1/b/a/b/0/bab59087bd589704c6a3a7bf01891d59.mp3?hdnea=exp=1785601246~acl=/api/1/1/b/a/b/0/bab59087bd589704c6a3a7bf01891d59.mp3*~data=user_id=0,application_id=42~hmac=b1813816ec48274521e52f30c4564f143d7a99d2b2d7dcd3f396b2f512ca476e",https://cdn-images.dzcdn.net/images/cover/2802e01c12c4ac55c588cc621450afef/250x250-000000-80-0-0.jpg
4YgEwanzISFU4xa27saTux,YUZU,Land,Reason,47,304320,False,0.363,0.819,7,-3.128,1,0.0634,0.0591,0.0,0.0988,0.468,122.527,4,acoustic,acoustic,,
7pKMoXeiCv40wbrjII06VO,Boyce Avenue;Emma Heesters,I Like Me Better,I Like Me Better,54,201508,False,0.473,0.263,9,-8.609,1,0.033,0.814,0.0,0.142,0.315,87.145,4,Rock,acoustic,"https://cdnt-preview.dzcdn.net/api/1/1/6/3/4/0/63441af3f38945c74eeacc4bd2e7b4fc.mp3?hdnea=exp=1785601249~acl=/api/1/1/6/3/4/0/63441af3f38945c74eeacc4bd2e7b4fc.mp3*~data=user_id=0,application_id=42~hmac=e76bbd4860a0a91a5578be38f8ae0c2a867c47b56140c6ca57957a5ef6b0bce3",https://cdn-images.dzcdn.net/images/cover/86fcc656a49ea6e08738343d9294a03c/250x250-000000-80-0-0.jpg
5MYPzdIWgx3pMLRGlq2fVq,Zack Tabudlo,Asan Ka Na Ba,Asan Ka Na Ba,73,241132,False,0.676,0.768,5,-5.695,0,0.0294,0.149,0.00147,0.345,0.493,105.999,4,Disco,acoustic,"https://cdnt-preview.dzcdn.net/api/1/1/4/6/7/0/467c69309ff6b5f160a66c1053c56f4a.mp3?hdnea=exp=1785601246~acl=/api/1/1/4/6/7/0/467c69309ff6b5f160a66c1053c56f4a.mp3*~data=user_id=0,application_id=42~hmac=f992ac62c5b36f797f47aae29fe746a8bde14c7e67174558a3eebdf5795b3047",https://cdn-images.dzcdn.net/images/cover/d54a5fae6091ed5b637de95b2a899c4c/250x250-000000-80-0-0.jpg
2Qw1KFrJ1q6qHXxWGh51kC,Boyce Avenue,"Cover Sessions, Vol. 3",A Thousand Years,56,263710,False,0.41,0.221,5,-11.673,1,0.0315,0.768,0.0,0.106,0.228,139.529,3,Rock,acoustic,"https://cdnt-preview.dzcdn.net/api/1/1/2/4/b/0/24b736613d15a1fac80ef96df78655e1.mp3?hdnea=exp=1785601246~acl=/api/1/1/2/4/b/0/24b736613d15a1fac80ef96df78655e1.mp3*~data=user_id=0,application_id=42~hmac=bc6346af09a798e59e85d426b2896ed719ec51574b6334c880ae42086c8de281",https://cdn-images.dzcdn.net/images/cover/dbc0055f569d36f813f37e8d55583c0a/250x250-000000-80-0-0.jpg
66V40iz2mphPbYvuJVj13i,Thomas Daniel,drivers license,drivers license,56,246345,False,0.439,0.217,2,-13.166,1,0.0413,0.933,0.0,0.126,0.373,144.413,4,acoustic,acoustic,,
4Bo6FwC7Oe9zywSZc6q7hO,Jason Mraz,YES!,Love Someone,59,257173,False,0.582,0.347,7,-14.769,1,0.0305,0.317,0.00678,0.111,0.0797,97.957,4,Pop,acoustic,"https://cdnt-preview.dzcdn.net/api/1/1/7/1/e/0/71e4583a557df5a49c82bd466d818ce4.mp3?hdnea=exp=1785601249~acl=/api/1/1/7/1/e/0/71e4583a557df5a49c82bd466d818ce4.mp3*~data=user_id=0,application_id=42~hmac=63851b393e10237af08ee38c558d695a1dfd03c6a537f353e4529dce6455e53d",https://cdn-images.dzcdn.net/images/cover/f85b47347daff4c331ec1c96ad5eec1f/250x250-000000-80-0-0.jpg
6Xbi3gOwMal0Ds3ETvBBwe,Jae Hall,The Winner Takes It All (Acoustic),The Winner Takes It All - Acoustic,57,159012,False,0.426,0.127,6,-13.287,1,0.0648,0.863,4.3e-06,0.0993,0.149,62.535,5,Pop,acoustic,"https://cdnt-preview.dzcdn.net/api/1/1/8/a/4/0/8a436a9ff57c7c262a2776143feb1d08.mp3?hdnea=exp=1785601246~acl=/api/1/1/8/a/4/0/8a436a9ff57c7c262a2776143feb1d08.mp3*~data=user_id=0,application_id=42~hmac=73a16fed7b826431f55654476629efaaddd37935cf72975825a7715496bbe6d6",https://cdn-images.dzcdn.net/images/cover/21170b7b3fee9c84d56e5bc2298bf1f6/250x250-000000-80-0-0.jpg
6QXolVfFVjUHPp5TVzsjIF,Aaron Espe,Only Time,Only Time,56,178546,False,0.696,0.261,9,-12.107,0,0.0361,0.737,1.24e-05,0.11,0.361,136.053,3,Folk,acoustic,"https://cdnt-preview.dzcdn.net/api/1/1/5/8/2/0/582eb53d7f5c867c0d51b6e097c69732.mp3?hdnea=exp=1785601246~acl=/api/1/1/5/8/2/0/582eb53d7f5c867c0d51b6e097c69732.mp3*~data=user_id=0,application_id=42~hmac=0447d144fb5da10216569bddc21c26a6ba7b376d77906d1bde3dae2873b01ba1",https://cdn-images.dzcdn.net/images/cover/77c530fe5248d166b171dc1ecdbec952/250x250-000000-80-0-0.jpg
71ehTADpxs85ULrZgSEKCy,A Fine Frenzy,One Cell In The Sea,Almost Lover,57,268800,False,0.549,0.24,0,-7.778,1,0.0338,0.947,0.0,0.106,0.167,119.58,4,Pop,acoustic,"https://cdnt-preview.dzcdn.net/api/1/1/4/a/8/0/4a86dde5995e4ced2a89d264c4731f50.mp3?hdnea=exp=1785601246~acl=/api/1/1/4/a/8/0/4a86dde5995e4ced2a89d264c4731f50.mp3*~data=user_id=0,application_id=42~hmac=c536ec359af962d0189c14565d246c0a2d2a8c99afa0b0e7039c2ac44281d03f",https://cdn-images.dzcdn.net/images/cover/8e0e06634102fe0254bd596f9807b1cf/250x250-000000-80-0-0.jpg
4zYkSXrfgJyrNkNv3mTiIZ,Roses & Frey,Dance Monkey,Dance Monkey,51,197850,False,0.541,0.192,0,-13.995,0,0.0282,0.893,0.0,0.193,0.317,139.938,4,Pop,acoustic,"https://cdnt-preview.dzcdn.net/api/1/1/0/2/8/0/0289693e7402526bf231c75ae5a3da1a.mp3?hdnea=exp=1785601246~acl=/api/1/1/0/2/8/0/0289693e7402526bf231c75ae5a3da1a.mp3*~data=user_id=0,application_id=42~hmac=c8ba18d5429bf207e40233d979b188a6d46d020cf6eb50dea760d86fabf8b6bb",https://cdn-images.dzcdn.net/images/cover/516e0072c081c7566d412a7535f07342/250x250-000000-80-0-0.jpg
1nFJAKHt0jgzVogbNJT3Zz,Parachute,Parachute,Ocean,48,222400,False,0.662,0.711,5,-4.924,1,0.0279,0.0686,1.17e-05,0.085,0.352,119.989,4,Pop,acoustic,"https://cdnt-preview.dzcdn.net/api/1/1/6/b/7/0/6b7e459fc614983ed0552367fa76ac0b.mp3?hdnea=exp=1785601249~acl=/api/1/1/6/b/7/0/6b7e459fc614983ed0552367fa76ac0b.mp3*~data=user_id=0,application_id=42~hmac=8d5dfe1c39c80d834a359e1e99e5a52c5b5354311da683c1265a39c82e5fa46a",https://cdn-images.dzcdn.net/images/cover/014b46dcde949838b72d0bb4e1ecb4da/250x250-000000-80-0-0.jpg
1RZkqIEM5aV000fKgz9J46,Kina Grannis,Dream a Little Dream of Me,Dream a Little Dream of Me,52,142379,False,0.665,0.185,1,-13.852,1,0.0381,0.913,0.0,0.334,0.458,82.474,4,Singer & Songwriter,acoustic,"https://cdnt-preview.dzcdn.net/api/1/1/6/5/3/0/6532b322000bc2619a850ea0f4dcdbaa.mp3?hdnea=exp=1785601247~acl=/api/1/1/6/5/3/0/6532b322000bc2619a850ea0f4dcdbaa.mp3*~data=user_id=0,application_id=42~hmac=108586ee5d2668f1ccb097903a8710fe0acb39ade77125663ed0d5b077667d89",https://cdn-images.dzcdn.net/images/cover/c9335bf577be369c8b387e4f10e8985b/250x250-000000-80-0-0.jpg
0n3E6m57nDZJDyUHllaMDp,The Mayries,Back For Good,Back For Good,54,194667,False,0.591,0.175,6,-12.959,1,0.038,0.927,0.0,0.133,0.352,139.902,4,Pop,acoustic,"https://cdnt-preview.dzcdn.net/api/1/1/9/a/0/0/9a00e38e21ac64cf57b26d6de583c551.mp3?hdnea=exp=1785601247~acl=/api/1/1/9/a/0/0/9a00e38e21ac64cf57b26d6de583c551.mp3*~data=user_id=0,application_id=42~hmac=dcb623b8020f10c03afca6deade0d5a15fe0d35b74bc33b3fc657ecbff4964b2",https://cdn-images.dzcdn.net/images/cover/c9184474b777b08d92d663e24db9e3f0/250x250-000000-80-0-0.jpg
2gBYjMXW65daBB1elr68JK,Canyon City,OK,OK,55,212400,False,0.489,0.183,0,-14.769,1,0.033,0.907,3.95e-05,0.106,0.486,79.961,4,Alternativo,acoustic,"https://cdnt-preview.dzcdn.net/api/1/1/a/5/c/0/a5ca8f844919d53c24543de5144df43a.mp3?hdnea=exp=1785601248~acl=/api/1/1/a/5/c/0/a5ca8f844919d53c24543de5144df43a.mp3*~data=user_id=0,application_id=42~hmac=6a9d915d472fff572793710580f98be4942be38e0657b7502ce3f0b845d94f9d",https://cdn-images.dzcdn.net/images/cover/50edb957dc8d188f742eac908c3664ca/250x250-000000-80-0-0.jpg
1FF6TogE9ELY71XnLPoEv6,Andrew Foy;Renee Foy,Just The Two Of Us,Just The Two Of Us,41,196304,False,0.618,0.083,4,-23.665,1,0.057,0.745,0.000123,0.146,0.597,90.865,4,Dance,acoustic,"https://cdnt-preview.dzcdn.net/api/1/1/0/4/0/0/04005f2a40dba01856dcf5bbac664480.mp3?hdnea=exp=1785601248~acl=/api/1/1/0/4/0/0/04005f2a40dba01856dcf5bbac664480.mp3*~data=user_id=0,application_id=42~hmac=e4e1ccd8527a831ef1ba0f931e32c33187f6eebbf2c19c8673c86d5a18a74e65",https://cdn-images.dzcdn.net/images/cover/e8bab42ae3743fedf98cc4fc3a9ee354/250x250-000000-80-0-0.jpg
6G8xunNOicxhPPq9sG2raG,Boyce Avenue,"Cover Sessions, Vol. 6",Hey There Delilah,49,230868,False,0.664,0.319,0,-8.149,0,0.0271,0.862,0.0,0.121,0.258,105.036,4,Rock,acoustic,"https://cdnt-preview.dzcdn.net/api/1/1/4/5/6/0/456eab55d77ad029d0dc8b279e476656.mp3?hdnea=exp=1785601250~acl=/api/1/1/4/5/6/0/456eab55d77ad029d0dc8b279e476656.mp3*~data=user_id=0,application_id=42~hmac=ce1ff010771d5b4e3bf24d7b29ca6e70b780a519093d3a885002f3d5babf818d",https://cdn-images.dzcdn.net/images/cover/f204b499176f180ba10723689066fd39/250x250-000000-80-0-0.jpg
6LsHKNorX6fPBNcGxU1jQZ,Andrew Foy;Renee Foy,Arcade,Arcade,37,186738,False,0.408,0.266,10,-12.9,0,0.0404,0.875,0.000498,0.104,0.35,143.651,4,Dance,acoustic,"https://cdnt-preview.dzcdn.net/api/1/1/4/7/7/0/47700f1dbdf8c569d38ee62ff4972956.mp3?hdnea=exp=1785601249~acl=/api/1/1/4/7/7/0/47700f1dbdf8c569d38ee62ff4972956.mp3*~data=user_id=0,application_id=42~hmac=0832d5a00def9df618ea1cfcc9a9cdd5f67790910870d73ca842e498d160b52d",https://cdn-images.dzcdn.net/images/cover/1176319d9c08da75ac448d1d1cbca65f/250x250-000000-80-0-0.jpg
1uxm47Qn1JhUWZHQfcY6w1,Kina Grannis,Yellow,Yellow,52,193536,False,0.623,0.132,0,-13.668,1,0.035,0.893,0.0,0.217,0.266,82.105,4,Singer & Songwriter,acoustic,"https://cdnt-preview.dzcdn.net/api/1/1/3/5/b/0/35b44e34714bf38cd45c06a45b35ff46.mp3?hdnea=exp=1785601251~acl=/api/1/1/3/5/b/0/35b44e34714bf38cd45c06a45b35ff46.mp3*~data=user_id=0,application_id=42~hmac=2e3db5bd96ee014e6f5e484413c67ee223e50b73c5e7c0be157f73fdd87de349",https://cdn-images.dzcdn.net/images/cover/58fa341837a94f4c3f30b66a49dccf14/250x250-000000-80-0-0.jpg
2nBrIzKacrNdIxs90FlsT1,Roses & Frey,Wake Me Up,Wake Me Up,58,196819,False,0.494,0.214,7,-11.041,1,0.0363,0.92,1.07e-05,0.107,0.35,125.981,3,Folk,acoustic,"https://cdnt-preview.dzcdn.net/api/1/1/3/e/5/0/3e5aa18ca134a6c3c24c7f22f9fab16f.mp3?hdnea=exp=1785601254~acl=/api/1/1/3/e/5/0/3e5aa18ca134a6c3c24c7f22f9fab16f.mp3*~data=user_id=0,application_id=42~hmac=745a43857b81f6c4841ced2cc92047332e90ae2d1160b3474072c71110011bdf",https://cdn-images.dzcdn.net/images/cover/bfdf788c6308338734693cf0e8da432a/250x250-000000-80-0-0.jpg
5mdjfBsyzl78NQI4sI4IzR,Aidan Hawken,Walking Blind (feat. Carina Round),Walking Blind,48,201440,False,0.374,0.183,9,-13.225,1,0.0281,0.897,0.0387,0.109,0.134,82.042,4,Pop,acoustic,"https://cdnt-preview.dzcdn.net/api/1/1/8/7/5/0/875927aecfda3fbe77725a24d7017f92.mp3?hdnea=exp=1785601252~acl=/api/1/1/8/7/5/0/875927aecfda3fbe77725a24d7017f92.mp3*~data=user_id=0,application_id=42~hmac=13e1555ebe1e7e8a3ecbbe7a786aa06bf6a71cfe71c4bf122de91ef4d851e592",https://cdn-images.dzcdn.net/images/cover/cd10136fc842e3c458a0eb640568d3b1/250x250-000000-80-0-0.jpg
7mQmu0JSoEyYU763IJXhIA,Jon Bryant,Headphones,Headphones,56,204998,False,0.559,0.455,5,-8.937,1,0.0306,0.421,2.08e-06,0.103,0.396,159.985,4,Alternativo,acoustic,"https://cdnt-preview.dzcdn.net/api/1/1/2/6/7/0/267c045fd3e26e275a294ee2decb3d61.mp3?hdnea=exp=1785601249~acl=/api/1/1/2/6/7/0/267c045fd3e26e275a294ee2decb3d61.mp3*~data=user_id=0,application_id=42~hmac=fc16046bc64ce2a4972582b790e7708c77c17350a89bfe86fedf2fed85706d5d",https://cdn-images.dzcdn.net/images/cover/52e40cf1451bef0a14751deedc002238/250x250-000000-80-0-0.jpg
08feveJTNL1OMLSrdoHQ6Q,The Rescues,Teenage Dream,Teenage Dream,46,219093,False,0.642,0.408,10,-8.168,1,0.0396,0.729,0.0,0.185,0.411,119.81,4,Alternativo,acoustic,"https://cdnt-preview.dzcdn.net/api/1/1/f/5/b/0/f5b64b09c3ba3e2d18e7803aec962db6.mp3?hdnea=exp=1785601249~acl=/api/1/1/f/5/b/0/f5b64b09c3ba3e2d18e7803aec962db6.mp3*~data=user_id=0,application_id=42~hmac=5dee2eeefbd8dd813ca2a2a12544436262baea87181a6d21bc24cacc558c2c7e",https://cdn-images.dzcdn.net/images/cover/3c7e8074f8a5b37e333e74723117b9a1/250x250-000000-80-0-0.jpg
4ngv7whSPSAwD8ZP3zMHsd,Ivan & Alyosha,The Worth Of The Wait,The Worth Of The Wait,55,171800,False,0.48,0.618,2,-7.335,1,0.0501,0.844,8.93e-05,0.325,0.344,82.051,4,Alternativo,acoustic,"https://cdnt-preview.dzcdn.net/api/1/1/2/8/0/0/2803a47b21daec771a80e0de66852e26.mp3?hdnea=exp=1785601249~acl=/api/1/1/2/8/0/0/2803a47b21daec771a80e0de66852e26.mp3*~data=user_id=0,application_id=42~hmac=1878656f9cca952fe2040129bd35c461de4907af8f5ffaac7a1ff9a8f9cce8d5",https://cdn-images.dzcdn.net/images/cover/5867cdd4fdd4e290a597051ef04ed2dc/250x250-000000-80-0-0.jpg
24UxG3p1Ghtc5ejJtGBoeL,Kina Grannis,Can't Help Falling In Love (Piano Version),Can't Help Falling In Love - Piano Version,54,211624,False,0.271,0.0937,0,-15.035,1,0.0367,0.939,0.0,0.108,0.147,164.721,5,Filmes/Games,acoustic,"https://cdnt-preview.dzcdn.net/api/1/1/e/d/b/0/edb0a7c5b5a493b86f5d378df6cb3e9b.mp3?hdnea=exp=1785601249~acl=/api/1/1/e/d/b/0/edb0a7c5b5a493b86f5d378df6cb3e9b.mp3*~data=user_id=0,application_id=42~hmac=df305a94a30f1ae30cb4a1fc8b6e708506784081d745f86373206babb9ea5c75",https://cdn-images.dzcdn.net/images/cover/8b4579d25a6a56b7f95d418a4fb82e33/250x250-000000-80-0-0.jpg
4yRlTvPVfEyhXfp6GZurq9,Austin Plaine,Austin Plaine,Never Come Back Again,57,196240,False,0.594,0.695,8,-8.872,1,0.0259,0.19,3.58e-06,0.119,0.172,104.977,4,Rock,acoustic,"https://cdnt-preview.dzcdn.net/api/1/1/c/1/2/0/c1207f7e42e55eeb3a31ef14a98512a3.mp3?hdnea=exp=1785601249~acl=/api/1/1/c/1/2/0/c1207f7e42e55eeb3a31ef14a98512a3.mp3*~data=user_id=0,application_id=42~hmac=87b4ddf8a511578ffa4caf07d0f7817aa5b763b295e75f680ee1253f142a8730",https://cdn-images.dzcdn.net/images/cover/ff916a320e9cb8a155b233b36c46be06/250x250-000000-80-0-0.jpg
5xQTEPjGsLuvwnnvyK3fAA,Chord Overstreet,Love You To Death,Love You To Death,49,199459,False,0.574,0.344,4,-8.995,1,0.0345,0.421,0.0,0.0804,0.0987,147.924,3,Singer & Songwriter,acoustic,"https://cdnt-preview.dzcdn.net/api/1/1/c/e/b/0/ceba907aecb6722289f7e7c8d2a3a086.mp3?hdnea=exp=1785601249~acl=/api/1/1/c/e/b/0/ceba907aecb6722289f7e7c8d2a3a086.mp3*~data=user_id=0,application_id=42~hmac=d2659a3cbc2001ed40effe148475979d83af6e2bbf79a756fceaed52c0e5b9aa",https://cdn-images.dzcdn.net/images/cover/05c46a179319d2b3f247348403f6642c/250x250-000000-80-0-0.jpg
3Mq1SOKwAPYgE0ZtPzvWZZ,Plamina,Someone You Loved (Acoustic),Someone You Loved - Acoustic,55,169253,False,0.647,0.298,3,-7.91,1,0.0311,0.861,0.0,0.12,0.31,106.244,4,Pop,acoustic,"https://cdnt-preview.dzcdn.net/api/1/1/e/e/e/0/eee4c0c67bc220dfa2ec334ba8ec3b4f.mp3?hdnea=exp=1785601249~acl=/api/1/1/e/e/e/0/eee4c0c67bc220dfa2ec334ba8ec3b4f.mp3*~data=user_id=0,application_id=42~hmac=e3286c1ede1991dbe35c50fea9b4fdfb3b903757b2965482a2926998081a0c42",https://cdn-images.dzcdn.net/images/cover/d8ddb47c75b63102fd345e7e2a9e9613/250x250-000000-80-0-0.jpg
38ssTLOvoZyL4CLa4ImDG9,Kina Grannis;Imaginary Future,What a Wonderful World,What a Wonderful World,51,137066,False,0.486,0.0399,0,-21.56,1,0.0405,0.953,8.74e-06,0.115,0.155,95.066,3,Singer & Songwriter,acoustic,"https://cdnt-preview.dzcdn.net/api/1/1/c/8/3/0/c834fb9ae4eebaf748e3cce7c282736b.mp3?hdnea=exp=1785601250~acl=/api/1/1/c/8/3/0/c834fb9ae4eebaf748e3cce7c282736b.mp3*~data=user_id=0,application_id=42~hmac=9853ec2199d6eb1c939297b1bb9f55092c0fb9a63703fffdd889e2d1bb009c18",https://cdn-images.dzcdn.net/images/cover/9b21a7de1f0cf05c9c20d64885fb971d/250x250-000000-80-0-0.jpg
0njuNwIyB3DoBHC0SFUkOr,Andrew Foy;Renee Foy,You Broke Me First,You Broke Me First,39,128798,True,0.734,0.0423,4,-24.831,1,0.0583,0.916,0.0,0.108,0.14,123.905,4,Dance,acoustic,"https://cdnt-preview.dzcdn.net/api/1/1/b/3/5/0/b3517d0b1ae3e0931a0d41f303a4782a.mp3?hdnea=exp=1785601250~acl=/api/1/1/b/3/5/0/b3517d0b1ae3e0931a0d41f303a4782a.mp3*~data=user_id=0,application_id=42~hmac=cd5649f232d05f2502fa234280ccf24875154b7830892da64d241e01f29cdb0a",https://cdn-images.dzcdn.net/images/cover/8ce49df1a8d355860487cf67ccfe6d60/250x250-000000-80-0-0.jpg
5sdliaZjk3rVGuT13UVhxn,Joshua Hyslop,Echos,Long Way Down,60,257972,False,0.711,0.231,2,-13.033,1,0.0346,0.832,0.00115,0.105,0.186,125.062,4,Folk,acoustic,"https://cdnt-preview.dzcdn.net/api/1/1/c/3/1/0/c31dc7abe7b07d23d9ca718b3e2a3ca5.mp3?hdnea=exp=1785601250~acl=/api/1/1/c/3/1/0/c31dc7abe7b07d23d9ca718b3e2a3ca5.mp3*~data=user_id=0,application_id=42~hmac=8a8a24dc61defa3158ca31cc50e8d6eebf759bb0a1dafdf6bc866b1b859af3d0",https://cdn-images.dzcdn.net/images/cover/625756f091c7007a9ba953b86a8c40b0/250x250-000000-80-0-0.jpg
2Dz5WpEWA0vhnMmEPYiZ2y,Parachute,Losing Sleep,She Is Love,60,146066,False,0.629,0.174,6,-9.697,1,0.141,0.616,0.0,0.118,0.305,134.295,1,Pop,acoustic,"https://cdnt-preview.dzcdn.net/api/1/1/e/6/4/0/e646a00c1b462f41b26322d710371250.mp3?hdnea=exp=1785601250~acl=/api/1/1/e/6/4/0/e646a00c1b462f41b26322d710371250.mp3*~data=user_id=0,application_id=42~hmac=0725d2ab1b865adab625b80aa227729d7ecbd1e8c2741f6c5347a3fba2c221a9",https://cdn-images.dzcdn.net/images/cover/6310c1290714aa0203ffa3d21ea6f077/250x250-000000-80-0-0.jpg
5w8Cu20Yt1ZNQuVdcafTYC,Phillip LaRue,The Meaning,Marigold,53,172708,False,0.615,0.406,6,-12.619,1,0.0358,0.541,1.67e-05,0.0982,0.541,166.035,4,Alternativo,acoustic,"https://cdnt-preview.dzcdn.net/api/1/1/5/a/5/0/5a54a4b96ace269c55e8472b329e649a.mp3?hdnea=exp=1785601254~acl=/api/1/1/5/a/5/0/5a54a4b96ace269c55e8472b329e649a.mp3*~data=user_id=0,application_id=42~hmac=dd07aa4fb6c715baf0953d0d7bd375c93e06fc4ba2cb69be553f78bc9a0a2008",https://cdn-images.dzcdn.net/images/cover/91663ced7df46d8e1ea57b1c7ae3275d/250x250-000000-80-0-0.jpg
1FHCU1rDAeaPsBW9byjJ0Q,krissy & ericka,Twelve: Fifty One (International Version),12:51,64,246280,False,0.503,0.357,3,-9.36,1,0.0272,0.727,0.0,0.128,0.438,136.135,4,acoustic,acoustic,,
0x26yM2rrvtoHGRXXzppx3,Takehara Pistol,リョウメンシダ/サンサーラ,サンサーラ,34,331984,False,0.45,0.183,2,-9.003,1,0.0309,0.762,3.41e-06,0.11,0.219,61.192,4,Rock,acoustic,"https://cdnt-preview.dzcdn.net/api/1/1/e/1/e/0/e1e1b3bbec03ba851d4baaa16da39290.mp3?hdnea=exp=1785601252~acl=/api/1/1/e/1/e/0/e1e1b3bbec03ba851d4baaa16da39290.mp3*~data=user_id=0,application_id=42~hmac=7f88e75b5c4372af83a1e6e7b9a2683b1cd49d546ae32c42cf0ef401fba39bb9",https://cdn-images.dzcdn.net/images/cover/b15b3b4445b38af76bb587a420f55b64/250x250-000000-80-0-0.jpg
0Kt5AHOpQAkEsHAuPeB0le,Allman Brown;Liz Lawrence,1000 Years,Sons and Daughters,50,216052,False,0.525,0.461,5,-9.489,0,0.0878,0.775,2.14e-06,0.362,0.202,147.997,4,Folk,acoustic,"https://cdnt-preview.dzcdn.net/api/1/1/5/9/1/0/5913db9cf0845cc157c2ff8379016eff.mp3?hdnea=exp=1785601260~acl=/api/1/1/5/9/1/0/5913db9cf0845cc157c2ff8379016eff.mp3*~data=user_id=0,application_id=42~hmac=92652fed54c1cf06c970b950087dacaa16a4ec249abc326fddf9440082b7e44d",https://cdn-images.dzcdn.net/images/cover/c9979893ae31fac2144051c0c76e4836/250x250-000000-80-0-0.jpg
07m8PuXxxv5J4qPEDq6ZkK,Ben Rector,Brand New,Brand New,65,243933,False,0.555,0.934,9,-5.04,1,0.113,0.00268,0.0,0.122,0.422,144.874,4,Singer & Songwriter,acoustic,"https://cdnt-preview.dzcdn.net/api/1/1/f/3/5/0/f35b18bdcc84c11f41e9228543208bb5.mp3?hdnea=exp=1785601263~acl=/api/1/1/f/3/5/0/f35b18bdcc84c11f41e9228543208bb5.mp3*~data=user_id=0,application_id=42~hmac=41fa7dc93fd286df3680c706c1bcf52b668abc656250fb6db1ca211c3db97c88",https://cdn-images.dzcdn.net/images/cover/4287fe956054227aaab75bba749c95a8/250x250-000000-80-0-0.jpg
1YjMWOorkBaP4MdKkKtp4y,The Weepies;Deb Talan;Steve Tannen,Say I Am You,Gotta Have You,56,199786,False,0.678,0.363,11,-10.9,1,0.0318,0.872,0.000101,0.0798,0.543,75.004,5,Folk,acoustic,"https://cdnt-preview.dzcdn.net/api/1/1/d/a/f/0/dafdc082a573c3dc305ba986207a1f2b.mp3?hdnea=exp=1785601265~acl=/api/1/1/d/a/f/0/dafdc082a573c3dc305ba986207a1f2b.mp3*~data=user_id=0,application_id=42~hmac=7f01c2943073f6adb191c7633a170a97add90fa108d73f867b675b035cc054ef",https://cdn-images.dzcdn.net/images/cover/69c7916fa2b2c4cf24fc19a7bf3f7262/250x250-000000-80-0-0.jpg
0KF5nzdiqZlxVK68MPITst,Ben Rector,Brand New,"30,000 Feet",57,256933,False,0.555,0.452,0,-9.636,1,0.0554,0.694,0.0,0.0595,0.321,179.921,4,Singer & Songwriter,acoustic,"https://cdnt-preview.dzcdn.net/api/1/1/d/b/9/0/db9509c1ea17f2ae7d8bb9d1d83e7d60.mp3?hdnea=exp=1785601260~acl=/api/1/1/d/b/9/0/db9509c1ea17f2ae7d8bb9d1d83e7d60.mp3*~data=user_id=0,application_id=42~hmac=2edba2fb5468a1f7c5d70e6585a7b81b5021b3cb51c66d4104c3635b9452384a",https://cdn-images.dzcdn.net/images/cover/4287fe956054227aaab75bba749c95a8/250x250-000000-80-0-0.jpg
1pV4cJaYl9ovK0GcSjH1hy,Eddy Tyler,Guitar Instrumental Covers,A Thousand Years,43,279916,False,0.586,0.396,10,-9.953,1,0.0319,0.896,0.543,0.0992,0.16,142.591,3,acoustic,acoustic,"https://cdnt-preview.dzcdn.net/api/1/1/a/1/5/0/a15e9dfc8afa5f578af6dc62df2e65af.mp3?hdnea=exp=1785601260~acl=/api/1/1/a/1/5/0/a15e9dfc8afa5f578af6dc62df2e65af.mp3*~data=user_id=0,application_id=42~hmac=69434d8ba8e0e4beed7bc36799650a5659b34829a536728e5f205f730643f4eb",https://cdn-images.dzcdn.net/images/cover/c4ffbcf2f884119230cab7f3c1102bdc/250x250-000000-80-0-0.jpg
2fSIF8CJhoc9CJhF9vJDXp,Ray LaMontagne,Trouble,Jolene,64,250866,False,0.588,0.142,7,-15.196,1,0.0329,0.863,0.000162,0.0953,0.288,119.656,4,acoustic,acoustic,"https://cdnt-preview.dzcdn.net/api/1/1/2/c/f/0/2cf937a263906948beedfb08f7397cbc.mp3?hdnea=exp=1785601261~acl=/api/1/1/2/c/f/0/2cf937a263906948beedfb08f7397cbc.mp3*~data=user_id=0,application_id=42~hmac=d38b3ba486696d6c3067487bbb99de94cdd68d90e02adafde78975c848f84625",https://cdn-images.dzcdn.net/images/cover/1367a0016056941feda2647b8a564493/250x250-000000-80-0-0.jpg
6J0bdIZElZMymahgVWRE9B,Eddie Vedder,Into The Wild (Music For The Motion Picture),No Ceiling,58,94053,False,0.724,0.652,3,-6.869,1,0.0247,0.46,0.000142,0.101,0.75,106.911,4,Rock,acoustic,"https://cdnt-preview.dzcdn.net/api/1/1/a/2/6/0/a26635ef57028f00c0a00040d646c123.mp3?hdnea=exp=1785601260~acl=/api/1/1/a/2/6/0/a26635ef57028f00c0a00040d646c123.mp3*~data=user_id=0,application_id=42~hmac=b5e8253085c8d32252aa6c8fedb5150fabf5e214f1bede0af2a3f4f914016971",https://cdn-images.dzcdn.net/images/cover/cb6767337e9806f133330c4a7698bdd4/250x250-000000-80-0-0.jpg
5sVyefkGgQeYCgnqr4KslQ,Joy Williams,Front Porch,Front Porch,64,231813,False,0.567,0.224,1,-10.024,1,0.0299,0.887,0.0,0.109,0.2,124.44,4,Folk,acoustic,"https://cdnt-preview.dzcdn.net/api/1/1/1/a/2/0/1a29699c2a1d4902b1959919824979e2.mp3?hdnea=exp=1785601261~acl=/api/1/1/1/a/2/0/1a29699c2a1d4902b1959919824979e2.mp3*~data=user_id=0,application_id=42~hmac=aa1b88b1024a52c417c3b865db5eb54d063d368b0da8397a0e98803cb17440ea",https://cdn-images.dzcdn.net/images/cover/426c803e1bf1849a6066afd6d011e406/250x250-000000-80-0-0.jpg
1MGIxsVtqK2npdPmI8Dj0D,Days N Daze,Rogue Taxidermy,Goodbye Lulu,35,150047,True,0.544,0.839,5,-8.991,1,0.0568,0.784,0.0,0.341,0.967,87.609,4,Alternativo,acoustic,"https://cdnt-preview.dzcdn.net/api/1/1/3/a/a/0/3aa4c6a6b2803b929e7d23ffb218916c.mp3?hdnea=exp=1785601260~acl=/api/1/1/3/a/a/0/3aa4c6a6b2803b929e7d23ffb218916c.mp3*~data=user_id=0,application_id=42~hmac=4aaa40395e277f68aeda90255c08f49b4be790f771e95ace8d897316706029f5",https://cdn-images.dzcdn.net/images/cover/ed68acd3279b1a1410baca7d0b3897bb/250x250-000000-80-0-0.jpg
4M4suTUnAYZocl09XEKBZN,Ray LaMontagne,Cruising,Three More Days,36,216773,False,0.555,0.68,10,-8.358,0,0.0323,0.126,0.000906,0.0506,0.903,84.518,4,acoustic,acoustic,"https://cdnt-preview.dzcdn.net/api/1/1/d/a/c/0/dac74ae2df14bfb807a46f090908a157.mp3?hdnea=exp=1785601265~acl=/api/1/1/d/a/c/0/dac74ae2df14bfb807a46f090908a157.mp3*~data=user_id=0,application_id=42~hmac=a09d19991d6b42e56063e1a5083c907fa3945ce2178f6c5fad3616d35d658701",https://cdn-images.dzcdn.net/images/cover/54a743f7f02e293ef9f32d464ab3c60e/250x250-000000-80-0-0.jpg
2C9ePPz58he8jmYEod9pvT,Callum J Wright,Isn't She Lovely (Acoustic),Isn't She Lovely - Acoustic,54,145771,False,0.69,0.306,9,-9.193,1,0.0356,0.805,0.0,0.0968,0.424,115.671,4,Pop,acoustic,"https://cdnt-preview.dzcdn.net/api/1/1/9/5/e/0/95e79f2678fdd154a5248c27e925f428.mp3?hdnea=exp=1785601260~acl=/api/1/1/9/5/e/0/95e79f2678fdd154a5248c27e925f428.mp3*~data=user_id=0,application_id=42~hmac=89a7d944db3f005b879acac8f5e238ea6fa8b6e4fedff7946ad2db4aef9366b6",https://cdn-images.dzcdn.net/images/cover/aba090dc5205224317ecb0246660ac3a/250x250-000000-80-0-0.jpg
4j0xGuo8Z47wfBiVunT6VR,Rachael Yamagata,"One Spring Night (Original Television Soundtrack), Pt. 4",We Could Still Be Happy,43,279260,False,0.513,0.317,10,-17.036,1,0.0363,0.365,0.003,0.118,0.177,84.853,4,Filmes/Games,acoustic,"https://cdnt-preview.dzcdn.net/api/1/1/3/8/0/0/380ffaa99e927a115365f013b50586e3.mp3?hdnea=exp=1785601260~acl=/api/1/1/3/8/0/0/380ffaa99e927a115365f013b50586e3.mp3*~data=user_id=0,application_id=42~hmac=6a1f9d06a56b2fe578cb6d37467335554b12cceffefa5d91df21bd191703ce76",https://cdn-images.dzcdn.net/images/cover/a09a7f9e16ed84b27514c0c50fbff18f/250x250-000000-80-0-0.jpg
0JzOJIS7ktLq5Ux6LtYJuW,John Adams,Fix You (Acoustic),Fix You - Acoustic,49,162963,False,0.494,0.152,3,-9.843,1,0.0313,0.947,0.0,0.123,0.304,134.178,4,Pop,acoustic,"https://cdnt-preview.dzcdn.net/api/1/1/c/f/e/0/cfe834dd074c42f73be61cd929676020.mp3?hdnea=exp=1785601260~acl=/api/1/1/c/f/e/0/cfe834dd074c42f73be61cd929676020.mp3*~data=user_id=0,application_id=42~hmac=6d5e821abf651e51900883d7079090fda24789051ba0755a80cfbecdec1ad68a",https://cdn-images.dzcdn.net/images/cover/065f7e71b0d28e57536990e4edb63c5c/250x250-000000-80-0-0.jpg
298xJ2nBaWWS0Je5rtlSxT,Lusaint,I'm Yours (Acoustic),I'm Yours - Acoustic,55,166189,False,0.634,0.267,11,-7.396,1,0.044,0.841,0.0,0.11,0.391,143.514,4,Pop,acoustic,"https://cdnt-preview.dzcdn.net/api/1/1/0/9/b/0/09bed93b93aaf2204ca9f90b9e980a97.mp3?hdnea=exp=1785601261~acl=/api/1/1/0/9/b/0/09bed93b93aaf2204ca9f90b9e980a97.mp3*~data=user_id=0,application_id=42~hmac=ba6b57fff59cf5d89b3c36dd4ee5ca83a10036afbb984d38b453570e0320694f",https://cdn-images.dzcdn.net/images/cover/8cc5ab27eb1d01824bf750ef1c02d40b/250x250-000000-80-0-0.jpg
33SH8ZC36EzoRstHbaFE72,Boyce Avenue;Sarah Hyland,"Cover Sessions, Vol. 4",Closer,54,244188,False,0.694,0.471,8,-8.62,1,0.0281,0.411,0.0,0.233,0.466,95.003,4,Rock,acoustic,"https://cdnt-preview.dzcdn.net/api/1/1/3/8/7/0/387348b4a4f5239a2d283247fc02a0a3.mp3?hdnea=exp=1785601261~acl=/api/1/1/3/8/7/0/387348b4a4f5239a2d283247fc02a0a3.mp3*~data=user_id=0,application_id=42~hmac=9ea8338f34285444cd41f3a289f285896b9af6bd4bba7d813b247fd8f40b3d5b",https://cdn-images.dzcdn.net/images/cover/7a772e1dbc5b86f107992aba063632bf/250x250-000000-80-0-0.jpg
18PrtmAcNMgZNy1edWuXGb,Mother's Daughter;Beck Pete,A Sky Full of Stars,A Sky Full of Stars,55,165067,False,0.643,0.11,6,-14.28,1,0.0294,0.876,1.38e-05,0.112,0.152,101.995,4,Pop,acoustic,"https://cdnt-preview.dzcdn.net/api/1/1/c/9/3/0/c9384d93b8ed6a6f3e321c5b8218fc62.mp3?hdnea=exp=1785601263~acl=/api/1/1/c/9/3/0/c9384d93b8ed6a6f3e321c5b8218fc62.mp3*~data=user_id=0,application_id=42~hmac=e72290f6f362b8f38d5dc1468c1896091755ea25a6c926b59defcca2528bee6b",https://cdn-images.dzcdn.net/images/cover/f4940c62754004917be77afe1ead1573/250x250-000000-80-0-0.jpg
4CU3t2c3TIpmzX44P1VCFi,Aron Wright,I Don't Believe in Satan,I Don't Believe in Satan,39,208571,False,0.422,0.41,6,-14.151,0,0.0467,0.00855,0.0,0.104,0.354,83.952,4,Rock,acoustic,"https://cdnt-preview.dzcdn.net/api/1/1/9/2/2/0/922df05f8c5cd5763d3dada222f349f8.mp3?hdnea=exp=1785601260~acl=/api/1/1/9/2/2/0/922df05f8c5cd5763d3dada222f349f8.mp3*~data=user_id=0,application_id=42~hmac=cd1e5f81886d064a22cf1a389c3a2286256871de2753ac516aa0541d1cf58842",https://cdn-images.dzcdn.net/images/cover/7acc5acb0ccd5f1ec25765326680e488/250x250-000000-80-0-0.jpg
0dnRlO7IDzbN9ixVld7hz6,The Perishers,Let There Be Morning (Bonus Track Version),Pills,51,189240,False,0.543,0.288,0,-8.608,0,0.0258,0.667,0.0,0.113,0.293,95.435,4,Alternativo,acoustic,"https://cdnt-preview.dzcdn.net/api/1/1/8/e/4/0/8e474a121f2774bac39e641ce34b97b5.mp3?hdnea=exp=1785601261~acl=/api/1/1/8/e/4/0/8e474a121f2774bac39e641ce34b97b5.mp3*~data=user_id=0,application_id=42~hmac=19c815b4d616c2b4687aed7da71f7d62bae8e6b4ac4f37f6428d0c4232751591",https://cdn-images.dzcdn.net/images/cover/f45d73ad2ff377e30c83a8280e4eb4a4/250x250-000000-80-0-0.jpg
1XW1lKfocLOAUdp8rUQoNC,Tyler Ward;Madysyn,he said. she said.,Shallow - Acoustic,52,182553,False,0.332,0.282,7,-7.257,1,0.044,0.825,0.0,0.104,0.234,187.057,4,Singer & Songwriter,acoustic,"https://cdnt-preview.dzcdn.net/api/1/1/f/8/9/0/f893da7d2a62dc2d30c54c3c178d2b7c.mp3?hdnea=exp=1785601267~acl=/api/1/1/f/8/9/0/f893da7d2a62dc2d30c54c3c178d2b7c.mp3*~data=user_id=0,application_id=42~hmac=b8c93a07fbc9ad8b7fc08c63e6a69ee0e5df92f0084689071f9266bce9256fcd",https://cdn-images.dzcdn.net/images/cover/0b5bf3ea90ebf3e75c56a3d1c94d8f38/250x250-000000-80-0-0.jpg
1TZBg0IBHvqfSAlHvVd8eH,Jonah Baker,Watermelon Sugar (Acoustic),Watermelon Sugar - Acoustic,56,183093,False,0.43,0.121,10,-15.148,1,0.0404,0.908,0.0,0.161,0.461,91.211,4,Pop,acoustic,"https://cdnt-preview.dzcdn.net/api/1/1/f/e/f/0/fef4fabb4c827c1d379352d7a4f00ca2.mp3?hdnea=exp=1785601263~acl=/api/1/1/f/e/f/0/fef4fabb4c827c1d379352d7a4f00ca2.mp3*~data=user_id=0,application_id=42~hmac=3d136bf39bd04682fa8b0ed9e55604cb16a522c8927554ac850b1297cde52764",https://cdn-images.dzcdn.net/images/cover/220b2af9ee8059579d36efc7445faaf4/250x250-000000-80-0-0.jpg
5j5OayPyUCnJSK0RynvqgK,Matt Johnson;Jaclyn Davies,Say You Won't Let Go (Acoustic),Say You Won't Let Go - Acoustic,48,243724,False,0.432,0.197,3,-9.251,1,0.0414,0.87,0.0,0.11,0.348,163.985,4,Pop,acoustic,"https://cdnt-preview.dzcdn.net/api/1/1/f/8/e/0/f8e7fb5010fa3288fd9542bea0ae0656.mp3?hdnea=exp=1785601263~acl=/api/1/1/f/8/e/0/f8e7fb5010fa3288fd9542bea0ae0656.mp3*~data=user_id=0,application_id=42~hmac=76da99591f5cedb6f93557be1043d9ddfd2914e0b53b9cbae42a8a8f58e5bb0a",https://cdn-images.dzcdn.net/images/cover/d504dbdc103f20e126fd8ff6e8051390/250x250-000000-80-0-0.jpg
4WtqjjSiGYHORMr6VX3td1,Kitri,Hikare Inochi,Hikare Inochi,41,322146,False,0.592,0.769,2,-5.268,1,0.0311,0.319,4.66e-06,0.137,0.385,102.033,4,Música asiática,acoustic,"https://cdnt-preview.dzcdn.net/api/1/1/6/c/6/0/6c6c49506ff4e6baea59e3a7af25f777.mp3?hdnea=exp=1785601261~acl=/api/1/1/6/c/6/0/6c6c49506ff4e6baea59e3a7af25f777.mp3*~data=user_id=0,application_id=42~hmac=6d7270ebb924a5590dadcd4535b5de8da25fb7fca4e7ec66c01d8bd12817787c",https://cdn-images.dzcdn.net/images/cover/39cc34c7a901361888f207b87004c27b/250x250-000000-80-0-0.jpg
0Pi3Ua6fJV1Yx5MGXhfybT,Ben Woodward,Call You Mine (Acoustic Piano),Call You Mine (Acoustic Piano),40,209554,False,0.733,0.297,5,-14.452,1,0.0359,0.935,2.75e-06,0.108,0.766,103.953,4,Pop,acoustic,"https://cdnt-preview.dzcdn.net/api/1/1/a/3/a/0/a3ad08f6a3b386f4b88a127ed7faaf62.mp3?hdnea=exp=1785601264~acl=/api/1/1/a/3/a/0/a3ad08f6a3b386f4b88a127ed7faaf62.mp3*~data=user_id=0,application_id=42~hmac=f0ad50472fe10bdb408aeb88213126aa9f7eb3b767279d00ef955b5097f7ad51",https://cdn-images.dzcdn.net/images/cover/20179be704170d418f84581b5d187499/250x250-000000-80-0-0.jpg
0c99BUd87HQfzgUUQqRyds,Kina Grannis,In the Waiting,For Now,57,198403,False,0.394,0.249,5,-10.484,1,0.0396,0.927,0.0,0.115,0.329,79.549,4,Singer & Songwriter,acoustic,"https://cdnt-preview.dzcdn.net/api/1/1/c/9/0/0/c9003c0eb404e00fc5b13debea06b042.mp3?hdnea=exp=1785601268~acl=/api/1/1/c/9/0/0/c9003c0eb404e00fc5b13debea06b042.mp3*~data=user_id=0,application_id=42~hmac=a4e6969e2fc5ecd14df80dd55342a072ae98b2f2dc572a7d9c2cc5513a119e5d",https://cdn-images.dzcdn.net/images/cover/aa2f8d0360fdb0e6b0d6feb695795fb7/250x250-000000-80-0-0.jpg
7JRJOLKHz88pR0YS4pVCao,Greg Laswell,Three Flights From Alto Nido,Sweet Dream,53,67746,False,0.41,0.234,1,-15.236,1,0.0421,0.798,0.00304,0.108,0.19,93.72,4,Rock,acoustic,"https://cdnt-preview.dzcdn.net/api/1/1/1/b/6/0/1b6c20bc1f4d2979f3478eabfb970191.mp3?hdnea=exp=1785601267~acl=/api/1/1/1/b/6/0/1b6c20bc1f4d2979f3478eabfb970191.mp3*~data=user_id=0,application_id=42~hmac=2b0f13a6488d831389a1c6ff5d0e726e116af8e38f7e3f0ef40f418f81078bae",https://cdn-images.dzcdn.net/images/cover/c134afbb6c3f7cabf05013cbe92f30f6/250x250-000000-80-0-0.jpg
0xlyMQ56pZAoGuLCs7GH90,Andrew Foy,Love Nwantiti,Love Nwantiti,30,129032,False,0.48,0.158,8,-15.239,1,0.0807,0.809,0.886,0.117,0.498,86.107,4,Pop,acoustic,"https://cdnt-preview.dzcdn.net/api/1/1/1/9/9/0/19969cf74ff3a52fe95272a1f48a0c83.mp3?hdnea=exp=1785601264~acl=/api/1/1/1/9/9/0/19969cf74ff3a52fe95272a1f48a0c83.mp3*~data=user_id=0,application_id=42~hmac=2473b1fcbe5bdc21b3de30a46ea0d8229a75554f509bf3ef63906ba820e7b2d8",https://cdn-images.dzcdn.net/images/cover/5dc4dd6a69b8088c15601f3001966659/250x250-000000-80-0-0.jpg
5dH4xnErpUOIDrGySWGkfJ,Ross Copperman,Stars Are on Your Side,Stars Are on Your Side,49,218004,False,0.255,0.625,0,-8.31,1,0.0323,0.63,0.000211,0.0976,0.191,84.611,4,Singer & Songwriter,acoustic,"https://cdnt-preview.dzcdn.net/api/1/1/e/1/4/0/e14da3eaeb58dfa1ed611d09f74d5d3f.mp3?hdnea=exp=1785601264~acl=/api/1/1/e/1/4/0/e14da3eaeb58dfa1ed611d09f74d5d3f.mp3*~data=user_id=0,application_id=42~hmac=f9dedca0e7a07f4fae28f8c82b1b3bc97dbf9374320b9bea2e2f9f6bba6a8695",https://cdn-images.dzcdn.net/images/cover/507dcbfb7886127f11ab2e75bc721694/250x250-000000-80-0-0.jpg
2Sg5gtKvSiRf7TBjI0ObF2,Jonah Baker;Sara Phillips,Covers,We Don't Talk Anymore / Cold (feat. Sara Phillips),26,222911,False,0.524,0.328,11,-10.001,1,0.0403,0.817,0.0,0.118,0.599,99.941,4,acoustic,acoustic,,
2AHZHeLTPuGILKyr4l8uTU,Joe Brooks,Constellation Me,Superman,53,206693,False,0.464,0.653,6,-7.514,1,0.101,0.199,0.0,0.0979,0.416,162.196,4,Pop,acoustic,"https://cdnt-preview.dzcdn.net/api/1/1/e/e/c/0/eec345e61879954ce0877488da5a2cf2.mp3?hdnea=exp=1785601265~acl=/api/1/1/e/e/c/0/eec345e61879954ce0877488da5a2cf2.mp3*~data=user_id=0,application_id=42~hmac=30c46fdb0e79ac430ecb9805ba1162bdadd0047a062d86effd8c372ca21ef53f",https://cdn-images.dzcdn.net/images/cover/775d25b5956e7db2075dc611da9997d1/250x250-000000-80-0-0.jpg
3JKLrIrHpbHtDU1oeYtbYD,Boyce Avenue,"Cover Sessions, Vol. 5",Chasing Cars,52,246979,False,0.659,0.331,10,-8.987,1,0.0321,0.809,0.0,0.0996,0.0877,105.01,4,Rock,acoustic,"https://cdnt-preview.dzcdn.net/api/1/1/1/3/3/0/1331e7c05f1bbb524fd0a41c64edee00.mp3?hdnea=exp=1785601267~acl=/api/1/1/1/3/3/0/1331e7c05f1bbb524fd0a41c64edee00.mp3*~data=user_id=0,application_id=42~hmac=3c315f64fdca17b9327630fca62fa03a466c9515dcc060cacf1b14aec87abee6",https://cdn-images.dzcdn.net/images/cover/25259e83b6271e216c9287858899565d/250x250-000000-80-0-0.jpg
2CsHDQ1WFLQBBpIEuLcL3z,Zack Tabudlo,Episode,Calm Me Down,51,282950,False,0.592,0.49,10,-8.508,1,0.0263,0.395,0.0,0.333,0.437,99.994,4,Pop,acoustic,"https://cdnt-preview.dzcdn.net/api/1/1/8/1/0/0/810e115d90cc70f2bb3ea74efbcfa8dc.mp3?hdnea=exp=1785601268~acl=/api/1/1/8/1/0/0/810e115d90cc70f2bb3ea74efbcfa8dc.mp3*~data=user_id=0,application_id=42~hmac=0a334e8c67db7757cfab6a239ce1d586d825f6a781932e41ac778c27d338e8cc",https://cdn-images.dzcdn.net/images/cover/0171978099daef5ae3935dbb29f3aa34/250x250-000000-80-0-0.jpg
24Gm1mIhO28NmgT17S95JE,Masaharu Fukuyama,KISSして,KISSして,35,222626,False,0.467,0.851,6,-4.203,1,0.0526,0.000353,0.0,0.33,0.644,93.873,4,acoustic,acoustic,,
6j9kSGlYLZdZ9sZkY9DjzY,Zack Tabudlo;James TW,Binibini (Last Day On Earth),Binibini (Last Day On Earth) (feat. James TW),54,219692,False,0.564,0.391,5,-7.655,1,0.0311,0.478,0.0,0.127,0.101,130.03,4,acoustic,acoustic,"https://cdnt-preview.dzcdn.net/api/1/1/6/a/d/0/6adaf251c3a9eabd1a0776760da5aec6.mp3?hdnea=exp=1785601271~acl=/api/1/1/6/a/d/0/6adaf251c3a9eabd1a0776760da5aec6.mp3*~data=user_id=0,application_id=42~hmac=c8722fd6f1f0fd6f1d1d9cca5da1461b2f7d1801a1794351cfe1af6f1b266ccd",https://cdn-images.dzcdn.net/images/cover/361aeee09a2f3b629f82bc3aa6ee4d43/250x250-000000-80-0-0.jpg
2UJy2HHo4afrQbI5FizxLM,Ciaran Lavery,Kosher,Left for America,50,170786,False,0.498,0.384,4,-10.752,1,0.0976,0.818,0.000937,0.13,0.25,79.856,4,Alternativo,acoustic,"https://cdnt-preview.dzcdn.net/api/1/1/0/d/6/0/0d636d4309dd4fb829b7fff1ac86e8ea.mp3?hdnea=exp=1785601267~acl=/api/1/1/0/d/6/0/0d636d4309dd4fb829b7fff1ac86e8ea.mp3*~data=user_id=0,application_id=42~hmac=bb07662b5cc10d86e5551a9187dc764b3d7f9cfe4760d94f337e5c995730cb6c",https://cdn-images.dzcdn.net/images/cover/b2a04c6789556434ffeff21cb693abae/250x250-000000-80-0-0.jpg
7HSk4yGZxfjOkHyOvZrBQZ,John Frusciante,To Record Only Water For Ten Days (U.S. Version),Ramparts,53,70133,False,0.386,0.428,10,-9.949,0,0.0295,0.951,0.882,0.162,0.73,172.311,4,Pop,acoustic,"https://cdnt-preview.dzcdn.net/api/1/1/3/2/a/0/32ab179309916277c415e91b957b751f.mp3?hdnea=exp=1785601269~acl=/api/1/1/3/2/a/0/32ab179309916277c415e91b957b751f.mp3*~data=user_id=0,application_id=42~hmac=9bd38d12119460a194c2234eb3d804fee40ba9493b4fd3c5400982c8bd0404c6",https://cdn-images.dzcdn.net/images/cover/eeab411129084ecbdd57151240ef83da/250x250-000000-80-0-0.jpg
2Jhx81CSHw8xWwBqRM2mZR,Chord Overstreet,Hold On (Acoustic),Hold On - Acoustic,48,200346,False,0.702,0.259,2,-9.73,1,0.0403,0.878,5.34e-06,0.108,0.246,120.102,4,Singer & Songwriter,acoustic,"https://cdnt-preview.dzcdn.net/api/1/1/5/e/a/0/5eae2f20abf94f0677dcd65e750c742a.mp3?hdnea=exp=1785601268~acl=/api/1/1/5/e/a/0/5eae2f20abf94f0677dcd65e750c742a.mp3*~data=user_id=0,application_id=42~hmac=53974350704e3702f2bc852185489c19b6a3c1c5b0d523c9b7553273395ea42f",https://cdn-images.dzcdn.net/images/cover/c04d0951a7b7159869602bdcbeb2db25/250x250-000000-80-0-0.jpg
5P6ZBMWS66FVo6deJaDdHy,The Civil Wars,The Civil Wars,Dust to Dust,49,229653,False,0.747,0.265,1,-14.141,1,0.0354,0.745,0.0169,0.11,0.2,138.017,4,Singer & Songwriter,acoustic,"https://cdnt-preview.dzcdn.net/api/1/1/0/1/d/0/01d8fe9ad607a7ad1ae149fd3accf2c9.mp3?hdnea=exp=1785601268~acl=/api/1/1/0/1/d/0/01d8fe9ad607a7ad1ae149fd3accf2c9.mp3*~data=user_id=0,application_id=42~hmac=3f780f029ebb13ea7a68954e910efdedc2b813e70969c3ce3be64bc99473e710",https://cdn-images.dzcdn.net/images/cover/218c074db1fadc2f544f91098138fb8f/250x250-000000-80-0-0.jpg
5SgFX13gtlQfsNUpoPshwD,Masaharu Fukuyama,Good night,Good night,35,354213,False,0.522,0.498,7,-7.247,1,0.0257,0.0758,1.51e-06,0.25,0.221,145.908,4,acoustic,acoustic,"https://cdnt-preview.dzcdn.net/api/1/1/c/0/f/0/c0f92570655052f2c09555a234467a94.mp3?hdnea=exp=1785601269~acl=/api/1/1/c/0/f/0/c0f92570655052f2c09555a234467a94.mp3*~data=user_id=0,application_id=42~hmac=f8deca7e914c24171d34a4cad06f8a320f8720e96d5d0683e41a820b815be7bb",https://cdn-images.dzcdn.net/images/cover/a1180c4d8e3c14de0bef14be0bc514cf/250x250-000000-80-0-0.jpg
7vu53hQrIoH7UGeh6qcct1,Zack Tabudlo,As You Are,As You Are,60,183969,False,0.715,0.438,10,-6.147,0,0.0373,0.353,1.75e-06,0.108,0.447,81.07,4,Pop,acoustic,"https://cdnt-preview.dzcdn.net/api/1/1/b/c/f/0/bcf3c9175dc9b7f6b404d1f0fe2ec8a6.mp3?hdnea=exp=1785601269~acl=/api/1/1/b/c/f/0/bcf3c9175dc9b7f6b404d1f0fe2ec8a6.mp3*~data=user_id=0,application_id=42~hmac=c4b6f4ff31b5d7352ca876b770771845dcd79d3e39cf5df344fbcf021ef73d73",https://cdn-images.dzcdn.net/images/cover/79b5101b7a6620fa63eceafdd917deba/250x250-000000-80-0-0.jpg
55RMhrPQYA6vLu5YMgXxFD,Zack Tabudlo,Episode,Binibini,65,221538,False,0.642,0.374,5,-10.606,1,0.032,0.423,1.54e-06,0.435,0.0979,129.863,4,Pop,acoustic,"https://cdnt-preview.dzcdn.net/api/1/1/6/a/d/0/6adaf251c3a9eabd1a0776760da5aec6.mp3?hdnea=exp=1785601269~acl=/api/1/1/6/a/d/0/6adaf251c3a9eabd1a0776760da5aec6.mp3*~data=user_id=0,application_id=42~hmac=31922910a93afe4bbba9f72206599cbe18e44c25ccd036c4227b340f1ac27f62",https://cdn-images.dzcdn.net/images/cover/361aeee09a2f3b629f82bc3aa6ee4d43/250x250-000000-80-0-0.jpg
2KsdoMZsL2ajnjjYUWm1ZT,Sara Farell,#Covers,It Aint Me,52,192545,False,0.354,0.415,9,-6.578,1,0.0289,0.797,0.0,0.107,0.421,175.537,4,Pop,acoustic,"https://cdnt-preview.dzcdn.net/api/1/1/6/3/c/0/63c6ae80dcadca1c042a7c9e78f6c81d.mp3?hdnea=exp=1785601267~acl=/api/1/1/6/3/c/0/63c6ae80dcadca1c042a7c9e78f6c81d.mp3*~data=user_id=0,application_id=42~hmac=04360c1aad72ad6d64ea0651fa68aee75d9aaaf2287431d8b13b6d522ad9191e",https://cdn-images.dzcdn.net/images/cover/9ae46fe0098f47b2754aa311f53d21b3/250x250-000000-80-0-0.jpg
2fPb58e6f8KxejYDCaARwS,A Great Big World,Is There Anybody Out There?,Say Something,57,233266,False,0.447,0.158,2,-7.571,1,0.036,0.872,1.58e-06,0.0816,0.142,140.942,3,Pop,acoustic,https://audio-ssl.itunes.apple.com/itunes-assets/AudioPreview115/v4/61/59/6d/61596d88-b3fd-bcf0-2572-f805d976d291/mzaf_5012302252314646019.plus.aac.p.m4a,https://is1-ssl.mzstatic.com/image/thumb/Music125/v4/f4/19/56/f41956df-120e-321f-a1cb-626b48c14ab6/886444314022.jpg/100x100bb.jpg
4NxUuupOGPquDhy1yFIZK3,Ingrid Michaelson;AJR,The Lotto,The Lotto,59,193695,False,0.687,0.748,3,-4.54,1,0.0785,0.24,0.0,0.373,0.872,88.944,4,Pop,acoustic,"https://cdnt-preview.dzcdn.net/api/1/1/4/9/e/0/49ed8c8fd27de38d094d03c9208516af.mp3?hdnea=exp=1785601267~acl=/api/1/1/4/9/e/0/49ed8c8fd27de38d094d03c9208516af.mp3*~data=user_id=0,application_id=42~hmac=4d94cd1929b8291850654782fb1212c5b1d70f53fb9caa4cba8a4538ef368751",https://cdn-images.dzcdn.net/images/cover/e79a894a7d524407fe8150778277ee04/250x250-000000-80-0-0.jpg
0avtLG17MT8kDf9xc67Niv,Rodrigo y Gabriela,Rodrigo Y Gabriela,Tamacun,50,205800,False,0.588,0.914,7,-7.442,1,0.0341,0.832,0.856,0.103,0.971,128.553,4,Flamenco,acoustic,"https://cdnt-preview.dzcdn.net/api/1/1/0/6/c/0/06c26573096a71cda225c5be6f2b4363.mp3?hdnea=exp=1785601270~acl=/api/1/1/0/6/c/0/06c26573096a71cda225c5be6f2b4363.mp3*~data=user_id=0,application_id=42~hmac=36b194016f98ca5d82c27225a049aae6f7186b6bddd4976996578dabb3d419d3",https://cdn-images.dzcdn.net/images/cover/1568a5238eed6a959ae624c51f9ecc22/250x250-000000-80-0-0.jpg
6jI7y83WjuyBne9b3IvdSs,Andrew Belle,The Ladder,Make It Without You,49,272612,False,0.456,0.205,1,-8.437,1,0.0313,0.92,0.00011,0.149,0.161,117.663,4,Pop,acoustic,"https://cdnt-preview.dzcdn.net/api/1/1/5/3/3/0/533d60c07ced10d2e0c7b0b66214a3a5.mp3?hdnea=exp=1785601268~acl=/api/1/1/5/3/3/0/533d60c07ced10d2e0c7b0b66214a3a5.mp3*~data=user_id=0,application_id=42~hmac=54c916cc0669e5ab64f66021d8695b9ff899420f46d34fee85daa3e0ee21699b",https://cdn-images.dzcdn.net/images/cover/02a29a7eb62adb4b6662613d034aa779/250x250-000000-80-0-0.jpg
0ngtyvPUKR4YTtkVKvZP02,Priscilla Ahn,A Good Day,Dream,54,211240,False,0.512,0.248,2,-10.359,1,0.0275,0.75,2.96e-05,0.114,0.158,109.692,3,Pop,acoustic,"https://cdnt-preview.dzcdn.net/api/1/1/a/2/9/0/a292df12ba4ac3b54b3eb6ef2c2db6d6.mp3?hdnea=exp=1785601268~acl=/api/1/1/a/2/9/0/a292df12ba4ac3b54b3eb6ef2c2db6d6.mp3*~data=user_id=0,application_id=42~hmac=f062120d401234b8e612ed2d1af120ed86f7dc738f4ec5dcb935c7e9262b6c6f",https://cdn-images.dzcdn.net/images/cover/eaa356a8a3792202f5d240f6a590359e/250x250-000000-80-0-0.jpg
5PoaNLRYLL7rywHSPUOZs8,JJ Heller,"Big Love, Small Moments","Big Love, Small Moments",52,204293,False,0.582,0.282,0,-9.229,1,0.0316,0.793,2.01e-06,0.0744,0.278,118.019,4,Rock,acoustic,"https://cdnt-preview.dzcdn.net/api/1/1/e/b/e/0/ebe335b6a78b3992060c51648a2c87d2.mp3?hdnea=exp=1785601268~acl=/api/1/1/e/b/e/0/ebe335b6a78b3992060c51648a2c87d2.mp3*~data=user_id=0,application_id=42~hmac=bb55e2b0abf0f5bdfd6ee56a6e9687fed9dd474a15d09204b638afed695424cd",https://cdn-images.dzcdn.net/images/cover/2332180a4b27ea84df822e2c8e4f3b56/250x250-000000-80-0-0.jpg
6DwgZO7AMYelPFwr8WPhpg,Priscilla Ahn,When Marnie Was There Song Album - Just Know That I Love You.,I Am Not Alone,46,252386,False,0.568,0.18,7,-11.707,1,0.0284,0.758,6.17e-05,0.111,0.228,112.033,4,Música asiática,acoustic,"https://cdnt-preview.dzcdn.net/api/1/1/b/e/7/0/be7aea09b19b67ec2149f4ead639a31e.mp3?hdnea=exp=1785601268~acl=/api/1/1/b/e/7/0/be7aea09b19b67ec2149f4ead639a31e.mp3*~data=user_id=0,application_id=42~hmac=bf1f2621fb8e7c2d987c408057852bb93088b2e586775859647529d848838aac",https://cdn-images.dzcdn.net/images/cover/96a0111d957ef3d9bde54add03bc00fb/250x250-000000-80-0-0.jpg
5X3w2MfxgMTZkn2mTPQs0u,Joshua Hyslop,Echos,Stand Your Ground,62,203253,False,0.71,0.271,7,-9.541,1,0.0283,0.658,4.59e-06,0.115,0.686,131.88,4,acoustic,acoustic,"https://cdnt-preview.dzcdn.net/api/1/1/b/a/2/0/ba2fdf7b7f35de8201d2f7e40c68dec0.mp3?hdnea=exp=1785601269~acl=/api/1/1/b/a/2/0/ba2fdf7b7f35de8201d2f7e40c68dec0.mp3*~data=user_id=0,application_id=42~hmac=a75b07e191c224ff6a8e08835c75839dc33f0b9b32a3480ff46c86f7b7e2b615",https://cdn-images.dzcdn.net/images/cover/625756f091c7007a9ba953b86a8c40b0/250x250-000000-80-0-0.jpg
5PCwedwyeLZQ6xAUIKbwos,Front Porch Step,I Never Loved Before I Found You,Perfect Man,32,291332,False,0.574,0.704,0,-4.65,1,0.0318,0.0931,0.000281,0.136,0.338,117.086,4,Rock,acoustic,"https://cdnt-preview.dzcdn.net/api/1/1/4/3/e/0/43e983ac5d601f320c498b8a606db74d.mp3?hdnea=exp=1785601270~acl=/api/1/1/4/3/e/0/43e983ac5d601f320c498b8a606db74d.mp3*~data=user_id=0,application_id=42~hmac=7e212134f2c2742ca9189107bfd2873514c9b826649ab91b3c46535dbf2090b5",https://cdn-images.dzcdn.net/images/cover/aca6e5c39713a7b297dea9f5614cfd60/250x250-000000-80-0-0.jpg
32kyGOJpEOTFKR9wvPSsxJ,Takehara Pistol,It's My Life,あ。っという間はあるさ,33,172373,False,0.64,0.895,9,-3.068,1,0.0316,0.273,0.0,0.247,0.94,115.941,4,acoustic,acoustic,,
0ifc4mq2mVNefgQFmtXQpt,Eric Hutchinson,Pure Fiction,Tell The World,58,161328,False,0.669,0.854,4,-5.899,1,0.0431,0.0653,0.0,0.288,0.706,120.035,4,acoustic,acoustic,,
2gJ3ZOaiWr3jGHwevufOxr,Brett Dennen,So Much More (Special Edition),Ain't No Reason,57,220306,False,0.615,0.358,5,-9.694,1,0.0552,0.705,0.0,0.113,0.432,146.06,4,Folk,acoustic,"https://cdnt-preview.dzcdn.net/api/1/1/9/c/7/0/9c77c3b6d0dfcd78b3f4d4b6b4e467dc.mp3?hdnea=exp=1785601270~acl=/api/1/1/9/c/7/0/9c77c3b6d0dfcd78b3f4d4b6b4e467dc.mp3*~data=user_id=0,application_id=42~hmac=3581f583d0fbd37811ac58e97070e608de5dd86cd0e1777c7e90a8628cfdfb01",https://cdn-images.dzcdn.net/images/cover/33806aed3492cb8049294960ffa11766/250x250-000000-80-0-0.jpg
37jsciEAFxwyjXx0kV6aO6,Rail Yard Ghosts,Songs from the Lowdown,A Month from Now,34,192392,False,0.415,0.619,2,-7.624,0,0.123,0.946,2.75e-05,0.799,0.739,77.009,4,acoustic,acoustic,,
22KbVMZekQbkrHGrubQTpQ,Five For Fighting,Bookmarks,What If,55,207228,False,0.565,0.895,0,-5.354,1,0.04,0.194,0.0,0.101,0.592,149.919,4,Pop,acoustic,"https://cdnt-preview.dzcdn.net/api/1/1/0/a/2/0/0a2a478b1573516dd90414454244c06b.mp3?hdnea=exp=1785601270~acl=/api/1/1/0/a/2/0/0a2a478b1573516dd90414454244c06b.mp3*~data=user_id=0,application_id=42~hmac=48e6b1b955d0fee691cc05d51e1a926915e8d63f4fb5a2be50521b82b1ba7a43",https://cdn-images.dzcdn.net/images/cover/586d3b5bed1dfb3ffb9384ecfe639c0c/250x250-000000-80-0-0.jpg
4RiKD76gS8huCzwWqw0EGC,The Bridge City Sinners,Bridge City Sinners,Pussy Cat,33,122874,False,0.586,0.702,0,-4.418,1,0.132,0.59,0.0,0.146,0.644,177.598,4,Alternativo,acoustic,"https://cdnt-preview.dzcdn.net/api/1/1/4/c/b/0/4cbac33fd034c346e254439a535587ca.mp3?hdnea=exp=1785601270~acl=/api/1/1/4/c/b/0/4cbac33fd034c346e254439a535587ca.mp3*~data=user_id=0,application_id=42~hmac=b8bd67bfad2d4a110f2a440a19dd17371ca0cce45a9ab18a89c8b542369caf39",https://cdn-images.dzcdn.net/images/cover/0866bd975481571d2300ff42bd4311c0/250x250-000000-80-0-0.jpg
3XFhSbm8EdZD6Cjrm1dNJQ,Frank Turner,Tape Deck Heart (Deluxe Edition),Polaroid Picture,33,223015,False,0.564,0.604,7,-5.055,1,0.0549,0.0287,4.74e-06,0.108,0.341,113.091,4,Alternativo,acoustic,"https://cdnt-preview.dzcdn.net/api/1/1/f/7/2/0/f729128af1f06376a2c7c1196ce01a42.mp3?hdnea=exp=1785601270~acl=/api/1/1/f/7/2/0/f729128af1f06376a2c7c1196ce01a42.mp3*~data=user_id=0,application_id=42~hmac=e78ea91ae365962afe20e99658743cb5eb2037da01c06ac84b6d78c18617342d",https://cdn-images.dzcdn.net/images/cover/18bf3e79dc5b793302bb7236550ad957/250x250-000000-80-0-0.jpg
3nImoHhXBOqYcdTN8gt9eE,Matt Costa,sadsadchristmas,I Bet On Flying High,0,155000,False,0.543,0.359,8,-6.571,1,0.0302,0.651,0.0,0.0981,0.346,109.735,4,acoustic,acoustic,"https://cdnt-preview.dzcdn.net/api/1/1/b/f/7/0/bf7d7dc7828899d2d315610b162935c2.mp3?hdnea=exp=1785601270~acl=/api/1/1/b/f/7/0/bf7d7dc7828899d2d315610b162935c2.mp3*~data=user_id=0,application_id=42~hmac=848f105514d22213c883970a5be7ff87c24acabdc3e78e3ccef2b805c06192be",https://cdn-images.dzcdn.net/images/cover/8bbc9ddb820393aa05777b0c49a665ec/250x250-000000-80-0-0.jpg
0B3g35bVxJ42Y0W0I5WBIU,Matt Costa,Christmas Vibes But Not Christmas Songs,I Bet On Flying High,0,155000,False,0.543,0.359,8,-6.571,1,0.0302,0.651,0.0,0.0981,0.346,109.735,4,acoustic,acoustic,"https://cdnt-preview.dzcdn.net/api/1/1/b/f/7/0/bf7d7dc7828899d2d315610b162935c2.mp3?hdnea=exp=1785601270~acl=/api/1/1/b/f/7/0/bf7d7dc7828899d2d315610b162935c2.mp3*~data=user_id=0,application_id=42~hmac=848f105514d22213c883970a5be7ff87c24acabdc3e78e3ccef2b805c06192be",https://cdn-images.dzcdn.net/images/cover/8bbc9ddb820393aa05777b0c49a665ec/250x250-000000-80-0-0.jpg
1igSa6QILI1jyE970ZMYW1,Matt Costa,Acoustic Christmas Campfire,I Bet On Flying High,0,155000,False,0.543,0.359,8,-6.571,1,0.0302,0.651,0.0,0.0981,0.346,109.735,4,acoustic,acoustic,"https://cdnt-preview.dzcdn.net/api/1/1/b/f/7/0/bf7d7dc7828899d2d315610b162935c2.mp3?hdnea=exp=1785601270~acl=/api/1/1/b/f/7/0/bf7d7dc7828899d2d315610b162935c2.mp3*~data=user_id=0,application_id=42~hmac=848f105514d22213c883970a5be7ff87c24acabdc3e78e3ccef2b805c06192be",https://cdn-images.dzcdn.net/images/cover/8bbc9ddb820393aa05777b0c49a665ec/250x250-000000-80-0-0.jpg
4AYITlwiumljGdv0NIGR4T,Jonah Baker,Mirrors (Acoustic),Mirrors - Acoustic,52,224170,False,0.638,0.287,8,-11.174,0,0.0412,0.81,0.0,0.0804,0.445,128.025,4,Pop,acoustic,"https://cdnt-preview.dzcdn.net/api/1/1/6/e/d/0/6ed5e5fd8bb0b88545d8222428e7c973.mp3?hdnea=exp=1785601270~acl=/api/1/1/6/e/d/0/6ed5e5fd8bb0b88545d8222428e7c973.mp3*~data=user_id=0,application_id=42~hmac=75cfae04d7ef66597da69604d1fca4ff1ba9b47ae7ed67c168cb244b4af0b72a",https://cdn-images.dzcdn.net/images/cover/88b41b2711cba8b7666b8a6a2af806ba/250x250-000000-80-0-0.jpg
3YvutLE6lwEyW4WMF5FIi6,Aqualung;Kina Grannis,10 Futures,To the Wonder (feat. Kina Grannis),21,239004,False,0.515,0.46,9,-11.261,0,0.0436,0.891,0.14,0.0874,0.259,140.067,4,Alternativo,acoustic,"https://cdnt-preview.dzcdn.net/api/1/1/9/c/8/0/9c833eb07fa52d90e33c249d637b5c58.mp3?hdnea=exp=1785601270~acl=/api/1/1/9/c/8/0/9c833eb07fa52d90e33c249d637b5c58.mp3*~data=user_id=0,application_id=42~hmac=2dad62d3d9aa052e46edc7d24e4e4e2428a1397fc5adb1f80936f738526b1496",https://cdn-images.dzcdn.net/images/cover/50b5664add6273f7092efaef95b5ac81/250x250-000000-80-0-0.jpg
3geIJghtdmVc7GeJio1xlj,Jonah Baker,Stay - Acoustic,Stay - Acoustic,50,181311,False,0.622,0.221,9,-14.335,1,0.0583,0.901,0.0,0.107,0.297,131.827,4,Pop,acoustic,"https://cdnt-preview.dzcdn.net/api/1/1/c/2/a/0/c2a4a76db00858547b22c04531b31115.mp3?hdnea=exp=1785601270~acl=/api/1/1/c/2/a/0/c2a4a76db00858547b22c04531b31115.mp3*~data=user_id=0,application_id=42~hmac=35ea36edf81d1f468ce79c6d919368376df16bd55b9a319cdcc8d09f2d52f3a4",https://cdn-images.dzcdn.net/images/cover/6049c0bb2353a740b8924b281ca3cfe2/250x250-000000-80-0-0.jpg
1yycinn2WICj4UKGQ9xPjD,Ichiko Aoba,マホロボシヤ,太陽さん,55,144653,False,0.44,0.0353,6,-20.858,1,0.0522,0.99,0.00312,0.108,0.362,181.988,4,acoustic,acoustic,,
5Z8O4RFAmjA13jrOYIgyXA,Kina Grannis,Oh What A Love,Oh What A Love,46,235135,False,0.457,0.064,6,-19.928,1,0.0339,0.941,0.108,0.107,0.0647,147.824,3,Singer & Songwriter,acoustic,"https://cdnt-preview.dzcdn.net/api/1/1/e/3/e/0/e3e1190bf0a12ef2d16a627e3b7b60a2.mp3?hdnea=exp=1785601271~acl=/api/1/1/e/3/e/0/e3e1190bf0a12ef2d16a627e3b7b60a2.mp3*~data=user_id=0,application_id=42~hmac=70ebb1d8fd83d3f3d6e8f84d80d3f40e07e60468214b90b12bac27946991b428",https://cdn-images.dzcdn.net/images/cover/9553dde034ae31fbabc522084508c998/250x250-000000-80-0-0.jpg
1ABd3bWsG4FCKePjXeVfJG,Meiko,The Bright Side,Leave The Lights On,56,248360,False,0.649,0.821,1,-6.483,0,0.0313,0.0302,0.000141,0.0843,0.661,121.938,4,Pop,acoustic,"https://cdnt-preview.dzcdn.net/api/1/1/c/b/4/0/cb4d23752d323a52981ef613adca699e.mp3?hdnea=exp=1785601271~acl=/api/1/1/c/b/4/0/cb4d23752d323a52981ef613adca699e.mp3*~data=user_id=0,application_id=42~hmac=21138f4b6520c8c6650850149dd5fa2cb5def8e3ef25f6f7943e4db77bf27699",https://cdn-images.dzcdn.net/images/cover/20a585a6911f3a1f8aab48d0e7dbb158/250x250-000000-80-0-0.jpg
4I18rXWixQBWc8JhTqx6Xn,Erin McCarley,I Won't Let You Down,I Won't Let You Down,40,198344,False,0.495,0.329,7,-11.661,1,0.0386,0.652,7.61e-05,0.0606,0.0919,72.992,4,Singer & Songwriter,acoustic,"https://cdnt-preview.dzcdn.net/api/1/1/d/2/9/0/d297b094d6b43a7f474dd685c51339a7.mp3?hdnea=exp=1785601271~acl=/api/1/1/d/2/9/0/d297b094d6b43a7f474dd685c51339a7.mp3*~data=user_id=0,application_id=42~hmac=a11350ea3b43a7cd1a9de3352dbf4d733722c63a1e02c74f9679c8f0618b4cdf",https://cdn-images.dzcdn.net/images/cover/407f2768603e4d75ce2a1ce7dff879b8/250x250-000000-80-0-0.jpg
3IORLAm07yxo4T7B8cRET3,Jason Mraz,Look For The Good,Look For The Good (Single Version),21,239697,False,0.71,0.615,0,-8.23,1,0.133,0.0384,0.0,0.283,0.746,90.263,4,acoustic,acoustic,"https://cdnt-preview.dzcdn.net/api/1/1/3/9/8/0/3985a6d98b8e26a24f24628d6e91c5c0.mp3?hdnea=exp=1785601271~acl=/api/1/1/3/9/8/0/3985a6d98b8e26a24f24628d6e91c5c0.mp3*~data=user_id=0,application_id=42~hmac=b0a761254b2061e323ca356b51740714ca88274c322d3e567909fd8b7437652a",https://cdn-images.dzcdn.net/images/cover/f5176883b96e02570f8c763b000c1793/250x250-000000-80-0-0.jpg
4sAX65hbNtEC1lceCdGuMt,Isabella Celander,Stargazing,Stargazing,55,186334,False,0.69,0.204,7,-12.427,1,0.0301,0.932,1.73e-06,0.119,0.525,139.587,4,acoustic,acoustic,"https://cdnt-preview.dzcdn.net/api/1/1/3/8/2/0/3820368f7e5376f82ea1636d466c19ab.mp3?hdnea=exp=1785601271~acl=/api/1/1/3/8/2/0/3820368f7e5376f82ea1636d466c19ab.mp3*~data=user_id=0,application_id=42~hmac=705a27b4509268b0933b28b32a3996443993b4e20d6549a20e0a80bc7d080057",https://cdn-images.dzcdn.net/images/cover/7e7fa67e336fc78fdf0cf107f68ba920/250x250-000000-80-0-0.jpg
7vg5fesQdq5I7Z7XGdyJd5,Roses & Frey,Bad Liar,Bad Liar,50,226877,False,0.596,0.195,7,-11.02,1,0.0264,0.926,0.0,0.139,0.176,82.114,4,acoustic,acoustic,"https://cdnt-preview.dzcdn.net/api/1/1/1/6/1/0/161ad09c6c129358594d3a88ba638411.mp3?hdnea=exp=1785601271~acl=/api/1/1/1/6/1/0/161ad09c6c129358594d3a88ba638411.mp3*~data=user_id=0,application_id=42~hmac=56283fb1c061a515bdbccf772be05e0445814feabf30f5748d0705caf13980d0",https://cdn-images.dzcdn.net/images/cover/c9ee2dbde28b43e1a9f765185b1eff12/250x250-000000-80-0-0.jpg
6Xrq1dAFgZcSi5HuuHe27i,Rachael Yamagata,"One Spring Night (Original Television Soundtrack), Pt. 3",Is It You,41,273260,False,0.66,0.743,9,-8.302,1,0.0506,0.0329,0.00136,0.098,0.445,130.025,4,acoustic,acoustic,"https://cdnt-preview.dzcdn.net/api/1/1/a/e/9/0/ae9e47aaa8929f57ca9ec3a03cae8ae6.mp3?hdnea=exp=1785601271~acl=/api/1/1/a/e/9/0/ae9e47aaa8929f57ca9ec3a03cae8ae6.mp3*~data=user_id=0,application_id=42~hmac=0aea19eb2ae1963f0cac18d160e2c6cf69f15ce3bb3c0ebb4c476be9028ea4f8",https://cdn-images.dzcdn.net/images/cover/1992d7eb8f7ddc146c857923a7182bd0/250x250-000000-80-0-0.jpg
2TRXV6DoQLjdRrBR6ED6NP,Us The Duo,Slow Down Time,Slow Down Time,44,196920,False,0.733,0.657,2,-6.843,1,0.0272,0.013,6.73e-05,0.317,0.433,109.954,4,acoustic,acoustic,"https://cdnt-preview.dzcdn.net/api/1/1/9/1/b/0/91badf94c84d6f634dbe2cc7c9df473f.mp3?hdnea=exp=1785601271~acl=/api/1/1/9/1/b/0/91badf94c84d6f634dbe2cc7c9df473f.mp3*~data=user_id=0,application_id=42~hmac=b45be1b25eb0a8904ab0cf424527b3d24261957b5c473de941f100e14e2a564a",https://cdn-images.dzcdn.net/images/cover/db1c7d47ad705734c654da6bfe9541f0/250x250-000000-80-0-0.jpg
6xXvAzowcCQmoKdDr1oIFJ,Amber Leigh Irish,Simply Acoustic,2002 - Acoustic,57,145056,False,0.589,0.296,0,-9.335,1,0.083,0.842,0.0,0.0736,0.611,165.799,3,acoustic,acoustic,"https://cdnt-preview.dzcdn.net/api/1/1/f/d/1/0/fd1a67ab07d706272f5dc25e442a6dee.mp3?hdnea=exp=1785601271~acl=/api/1/1/f/d/1/0/fd1a67ab07d706272f5dc25e442a6dee.mp3*~data=user_id=0,application_id=42~hmac=eade7b8a6c5372621349ecfe2531696762c2dc64ccabceb4130fdb05b4a35cb2",https://cdn-images.dzcdn.net/images/cover/120d1c6e2c0fef26c01cc156a983169d/250x250-000000-80-0-0.jpg
5L4G3nwKkd4wykW4BV9sVe,Jess Penner,"Love, Love, Love",Sweeter,33,196026,False,0.686,0.377,9,-9.59,1,0.0589,0.638,0.0,0.128,0.551,92.042,4,acoustic,acoustic,"https://cdnt-preview.dzcdn.net/api/1/1/d/c/3/0/dc3d97e546bc4aa1e1a5602817f33b0a.mp3?hdnea=exp=1785601271~acl=/api/1/1/d/c/3/0/dc3d97e546bc4aa1e1a5602817f33b0a.mp3*~data=user_id=0,application_id=42~hmac=f693ab10421730a2b99dcb5ee487105e8bf07fd23a997dc2ccd41af2691fe451",https://cdn-images.dzcdn.net/images/cover/ccfc5b44cac360b1b21ed6039045a098/250x250-000000-80-0-0.jpg
0QzY6rP7C8IWMnpEyuQmC6,Daniel Robinson,Heat Waves (Acoustic),Heat Waves - Acoustic,56,193027,False,0.659,0.338,6,-10.367,0,0.0376,0.842,0.0,0.277,0.495,145.877,4,acoustic,acoustic,"https://cdnt-preview.dzcdn.net/api/1/1/e/d/a/0/edaaaeb0c036216488099ad2c4c4bf2b.mp3?hdnea=exp=1785601271~acl=/api/1/1/e/d/a/0/edaaaeb0c036216488099ad2c4c4bf2b.mp3*~data=user_id=0,application_id=42~hmac=69268b13937d3d2c69cd9437a435025c35eaf86a612fb765dca87771d424513d",https://cdn-images.dzcdn.net/images/cover/1973e2880fcaaaa2b1626b397d8c7a2d/250x250-000000-80-0-0.jpg
3XdStlaHnq3JrmQDCRqEET,Yosui Inoue;Tamio Okuda,ショッピング,アジアの純真,32,233280,False,0.732,0.83,0,-6.63,1,0.0309,0.201,3.04e-05,0.0802,0.871,111.664,4,acoustic,acoustic,"https://cdnt-preview.dzcdn.net/api/1/1/2/2/d/0/22de74ae3382da7a02c2f9ee21ed5ed3.mp3?hdnea=exp=1785601271~acl=/api/1/1/2/2/d/0/22de74ae3382da7a02c2f9ee21ed5ed3.mp3*~data=user_id=0,application_id=42~hmac=f393e06afab9bfca0ccb5296cbceb7b6d5957c6ef6f4a82609811e01895a5e3e",https://cdn-images.dzcdn.net/images/cover/f46d6988d3c3229fd21ff433e3b79184/250x250-000000-80-0-0.jpg
4h3rI4uxGsbA4LsLt1nB2t,Jonah Baker;Celine,If the World Was Ending (Acoustic),If the World Was Ending - Acoustic,35,213091,False,0.522,0.202,9,-13.38,1,0.0861,0.918,0.0,0.185,0.457,147.992,4,acoustic,acoustic,,
2KhS0LVOw9ralhfbcIi7vL,Greg Laswell,Three Flights From Alto Nido,Comes And Goes (In Waves),55,253546,False,0.565,0.698,0,-8.596,1,0.0295,0.54,0.0183,0.124,0.155,120.013,4,acoustic,acoustic,"https://cdnt-preview.dzcdn.net/api/1/1/2/9/e/0/29e4bfa1e063136ad2bff5a584dba58f.mp3?hdnea=exp=1785601271~acl=/api/1/1/2/9/e/0/29e4bfa1e063136ad2bff5a584dba58f.mp3*~data=user_id=0,application_id=42~hmac=20ccf25c583eee06289adbe09bd8d31b9d759917f769626859634bc3772c5c7e",https://cdn-images.dzcdn.net/images/cover/c134afbb6c3f7cabf05013cbe92f30f6/250x250-000000-80-0-0.jpg
6fPblqm2OhtEKvaUEQzLzJ,Masaharu Fukuyama,残響,ながれ星,33,317400,False,0.474,0.408,7,-11.42,1,0.0332,0.603,2.77e-05,0.104,0.238,143.881,4,acoustic,acoustic,,
0wFSrH6x1iQOdUljUueAcd,Blame Jones,Acoustic Versions,Dusk Till Dawn - Acoustic,46,167616,False,0.543,0.244,0,-8.062,1,0.0511,0.864,0.0,0.112,0.29,126.341,3,acoustic,acoustic,"https://cdnt-preview.dzcdn.net/api/1/1/5/2/8/0/528510d9bc6601c5fc8b44b245109e24.mp3?hdnea=exp=1785601271~acl=/api/1/1/5/2/8/0/528510d9bc6601c5fc8b44b245109e24.mp3*~data=user_id=0,application_id=42~hmac=3cbb30ff53e3f05d43f19a59dc298bb6115c68731f7a7ab0ac18fb079b6dc292",https://cdn-images.dzcdn.net/images/cover/09225433eab94b60cb8f149fda7dceb7/250x250-000000-80-0-0.jpg
1wSZdWFZphxDh6iJhWlIUi,Ben Woodward,Don't Wanna Leave You,Don't Wanna Leave You,38,211672,False,0.672,0.644,11,-9.063,1,0.236,0.795,0.0,0.146,0.549,148.135,4,acoustic,acoustic,,
5ZpSUdy5wL5Hvwsqz6JCAt,Stephen Speaks,Passenger Seat,Passenger Seat,65,274245,False,0.515,0.769,7,-5.696,1,0.031,0.0456,0.00436,0.0961,0.644,153.046,4,acoustic,acoustic,,
3mDvi0k4LuCA7ViLf3Qb3O,Matt White,Best Days,Love,60,170040,False,0.759,0.684,0,-5.751,1,0.0315,0.269,0.0,0.13,0.759,107.948,4,acoustic,acoustic,,
5D6xoqZwDoqRO5V9rNgxFO,Boyce Avenue,"Cover Sessions, Vol. 6",Hallelujah,54,267765,False,0.62,0.21,11,-9.633,0,0.0274,0.911,2.22e-06,0.108,0.163,98.558,3,acoustic,acoustic,,
09t3kwndNebf3RV8DZ5pw3,Madi Diaz,Phantom,Ashes,37,250146,False,0.497,0.254,8,-11.716,0,0.0341,0.891,0.0441,0.122,0.0676,110.864,3,acoustic,acoustic,,
3yVSlc3y7YWZPAreTHjH9v,Masaharu Fukuyama,残響,明日の☆SHOW,34,290480,False,0.644,0.603,10,-5.83,1,0.0263,0.306,0.0,0.262,0.516,113.413,4,acoustic,acoustic,,
5LHruF9uFyPxGpimaknrU8,Boyce Avenue,"Cover Sessions, Vol. 4",Love Me Like You Do,55,198218,False,0.45,0.254,4,-9.873,1,0.0414,0.827,0.0,0.204,0.248,92.644,4,acoustic,acoustic,,
3SxMBVdL2gxhX5V5dXF9jy,Canyon City,Bluebird,Lost Sparks,51,225400,False,0.548,0.3,4,-12.71,1,0.0298,0.757,9.28e-06,0.0851,0.264,135.902,4,acoustic,acoustic,,
6XCPQygbj33s7OUxlbo6bX,Tristan Prettyman,Back to Home,Who We Are,48,259877,False,0.521,0.507,7,-7.007,1,0.0319,0.0162,4.43e-05,0.148,0.153,108.168,4,acoustic,acoustic,,
0IZJR2XrPdWqHdnpaPixw9,Masaharu Fukuyama,SING A SONG,Heart (Original Version),34,288426,False,0.587,0.842,4,-6.04,1,0.0268,0.278,0.0,0.163,0.693,97.013,4,acoustic,acoustic,,
3VIbZxc3oo1eAlb7tcRsG1,JJ Heller,It'll Be Alright,It'll Be Alright,51,219363,False,0.543,0.324,0,-11.258,1,0.0316,0.452,2.81e-05,0.412,0.181,139.883,4,acoustic,acoustic,,
3SBzDgdTwHOMSik82ZI6L2,Ingrid Michaelson,Everybody,Everybody,54,208426,False,0.742,0.636,11,-6.744,1,0.0331,0.446,0.0,0.0817,0.48,95.002,4,acoustic,acoustic,,
2hSag78vkaBXqpaDF3serw,Mark Oblea,Kabilugan Ng Buwan,Kabilugan Ng Buwan,32,283480,False,0.707,0.402,4,-9.773,1,0.0251,0.677,0.0,0.104,0.313,94.99,4,acoustic,acoustic,,
3wpZTp7HM8Dv25oExNgCC6,Ingrid Michaelson,Be OK,Keep Breathing,54,205586,False,0.52,0.308,7,-11.996,1,0.0331,0.776,0.00285,0.115,0.187,125.93,3,acoustic,acoustic,,
63wsZUhUZLlh1OsyrZq7sz,Boyce Avenue;Kina Grannis,"Cover Sessions, Vol. 2",Fast Car,61,304293,False,0.392,0.251,10,-9.845,1,0.0363,0.807,0.0,0.0797,0.508,204.961,4,acoustic,acoustic,,
2FSkBDGsqZIxcsnKNgtMLx,Boyce Avenue,"Cover Sessions, Vol. 2",Just the Way You Are,55,239573,False,0.531,0.296,1,-7.594,1,0.0304,0.84,0.0,0.124,0.212,106.359,4,acoustic,acoustic,,
3e5UDAmMzMUM95PqjVHC4L,Andrew Belle,The Ladder,The Ladder,55,227128,False,0.681,0.608,8,-8.369,1,0.0339,0.62,0.000425,0.136,0.315,123.991,4,acoustic,acoustic,,
2jcDDdBy1foaBC8X9owMrZ,Masaharu Fukuyama,HELLO,HELLO (Original Version),34,243066,False,0.569,0.861,1,-4.547,0,0.0406,0.0425,0.0,0.204,0.511,77.983,4,acoustic,acoustic,,
7KC4B2R255iYIPVG8S7Eey,Hanare Gumi,だれそかれそ,接吻,33,369200,False,0.707,0.296,7,-11.633,1,0.078,0.283,0.0,0.0601,0.65,88.006,4,acoustic,acoustic,,
7DUnyslSCb05yeSmGGTJ81,Brett Dennen;Benedict Cumberbatch,August: Osage County (Original Motion Picture Soundtrack),Can't Keep It Inside,45,77093,False,0.519,0.0646,2,-18.898,1,0.0433,0.982,3.84e-06,0.105,0.395,121.696,4,acoustic,acoustic,,
2lXGLbSXrSACMa2oelt4TE,Hanare Gumi,音タイム,明日天気になれ,33,244840,False,0.608,0.705,3,-5.178,1,0.0253,0.078,8.36e-05,0.179,0.621,111.204,4,acoustic,acoustic,,
6uZroCk7E7L7RhY7NAvC3Y,Masaharu Fukuyama,IT'S ONLY LOVE,IT'S ONLY LOVE,34,275266,False,0.585,0.734,9,-5.365,1,0.032,0.0334,0.0,0.0934,0.413,117.84,4,Música asiática,acoustic,"https://cdnt-preview.dzcdn.net/api/1/1/a/0/c/0/a0c9b988093074d59c602c07dd7c1e2c.mp3?hdnea=exp=1785601277~acl=/api/1/1/a/0/c/0/a0c9b988093074d59c602c07dd7c1e2c.mp3*~data=user_id=0,application_id=42~hmac=4ebba63c4de1fa822a1fb8ebe888f6be4e8102a22feb20b1d3dbcc2d7b7e0476",https://cdn-images.dzcdn.net/images/cover/d963d4a3d4c307a56c98e0ae70e2b236/250x250-000000-80-0-0.jpg
6ITdND5IQ7lHzjkyJZSt53,Masaharu Fukuyama,虹/ひまわり/それがすべてさ,それがすべてさ,34,330720,False,0.527,0.89,7,-5.651,1,0.0665,0.00433,0.0,0.118,0.425,102.644,4,acoustic,acoustic,,
71vcffc4Yfz0pt9AbaL386,A Great Big World,Is There Anybody Out There? - Track by Track Commentary,I Don't Wanna Love Somebody Else,49,163960,False,0.495,0.22,5,-11.16,1,0.0355,0.847,1.4e-06,0.0957,0.345,126.618,4,acoustic,acoustic,,
7wbSp6u3cGj5GTN0lNxZ4X,RENT STRIKE,Burn It All!,Burn It All!,33,193874,False,0.628,0.424,6,-8.539,1,0.0416,0.395,4.28e-06,0.106,0.157,99.696,1,Alternativo,acoustic,"https://cdnt-preview.dzcdn.net/api/1/1/7/3/c/0/73cef3264f758ad2c3d2cef9085a94b4.mp3?hdnea=exp=1785601277~acl=/api/1/1/7/3/c/0/73cef3264f758ad2c3d2cef9085a94b4.mp3*~data=user_id=0,application_id=42~hmac=8813d70117e15ea3386965f2b0d346f4b48036a7289a6056c880230dab513bbd",https://cdn-images.dzcdn.net/images/cover/363e72d99e1daa2bae8ba9949031eb4e/250x250-000000-80-0-0.jpg
0HL3y3bsKSARBSP0qaImwb,Brandi Carlile,Onward (Original Motion Picture Soundtrack),Carried Me With You,62,213732,False,0.639,0.666,0,-7.775,1,0.0636,0.271,0.0,0.111,0.372,98.384,4,acoustic,acoustic,,
1yZWcHtL0KMhKadWXG26SG,Mischief Brew,This Is Not for Children,"O, Pennsyltucky!",33,227053,False,0.245,0.624,2,-5.606,1,0.0368,0.11,0.0,0.363,0.462,162.586,3,acoustic,acoustic,,
4N1PJshrO7sHB468RoZQjL,Frank Turner,No Man's Land,"I Believed You, William Blake",31,215440,False,0.387,0.526,9,-7.611,0,0.0301,0.244,0.000386,0.105,0.334,130.719,4,acoustic,acoustic,,
3NrUMv6TqphWgk2PdDdg4H,Get Dead,Dancing with the Curse,Pepperspray,32,136543,False,0.539,0.675,2,-6.987,1,0.0709,0.188,0.0,0.198,0.719,142.041,4,Alternativo,acoustic,"https://cdnt-preview.dzcdn.net/api/1/1/e/4/9/0/e49afc36b3acb851c17c91b446eefe53.mp3?hdnea=exp=1785601277~acl=/api/1/1/e/4/9/0/e49afc36b3acb851c17c91b446eefe53.mp3*~data=user_id=0,application_id=42~hmac=7d5e533242adc28acf140b7ff43684199f70f667982708d8ca207e07a80132e8",https://cdn-images.dzcdn.net/images/cover/7aba98b43321807a29aa101909d3b6d0/250x250-000000-80-0-0.jpg
42mkE3wbofBNickLHgdVlo,Get Dead,Dancing with the Curse,Stickup,32,223707,True,0.487,0.837,0,-5.865,1,0.0623,0.0133,0.0,0.102,0.207,160.025,4,Alternativo,acoustic,"https://cdnt-preview.dzcdn.net/api/1/1/c/9/1/0/c91cca5149571914ee10feb52dfd8f39.mp3?hdnea=exp=1785601281~acl=/api/1/1/c/9/1/0/c91cca5149571914ee10feb52dfd8f39.mp3*~data=user_id=0,application_id=42~hmac=678f4c794ae735463705974ceb14ab9e580368fc6ecdab0c163ed588082b9b70",https://cdn-images.dzcdn.net/images/cover/7aba98b43321807a29aa101909d3b6d0/250x250-000000-80-0-0.jpg
3Re0unscFRNOkwwEGtxhCO,Grace George,Heaven (Acoustic),Heaven - Acoustic,54,188181,False,0.529,0.24,0,-9.066,1,0.037,0.938,0.0,0.0659,0.487,131.266,4,acoustic,acoustic,,
4H7MpMZ4p3Cc06B11bcgL7,Jack Savoretti,Days Gone (Original Soundtrack),Soldier's Eyes,50,171760,False,0.666,0.289,7,-12.404,1,0.0317,0.641,8.2e-06,0.109,0.415,109.965,4,acoustic,acoustic,,
7AKxbxzkxm2ERWrd1ggniO,Ichiko Aoba,Asleep Among Endives,Asleep Among Endives,58,306243,False,0.451,0.0318,0,-19.933,0,0.0421,0.983,0.0532,0.0989,0.148,123.985,4,Alternativo,acoustic,"https://cdnt-preview.dzcdn.net/api/1/1/0/f/8/0/0f8821f2e061dc0eccd6d1653b3b1e89.mp3?hdnea=exp=1785601276~acl=/api/1/1/0/f/8/0/0f8821f2e061dc0eccd6d1653b3b1e89.mp3*~data=user_id=0,application_id=42~hmac=ba2839b5e84d66834636bd4cd4e9eb5021610c36e63d07213f9e1652fd8af846",https://cdn-images.dzcdn.net/images/cover/84f4cfd45cc49c8f5e1c9a790214ec06/250x250-000000-80-0-0.jpg
6JAXWoK53LV3hYARf4TzzP,Thomas Daniel,Symphony,Symphony - Acoustic,49,192389,False,0.359,0.208,7,-10.567,1,0.036,0.943,0.0,0.0931,0.105,83.155,3,Pop,acoustic,"https://cdnt-preview.dzcdn.net/api/1/1/d/6/d/0/d6dc39326767db6de5c29465da0d3200.mp3?hdnea=exp=1785601276~acl=/api/1/1/d/6/d/0/d6dc39326767db6de5c29465da0d3200.mp3*~data=user_id=0,application_id=42~hmac=476328df713e69ae4732c842cf2825d4084c260d1f8663b3919a9c1b47ef3f43",https://cdn-images.dzcdn.net/images/cover/1525e321dedd5320906956af557faa0c/250x250-000000-80-0-0.jpg
7zCuUs0JXXPIH7GA8tWwii,Boyce Avenue;Fifth Harmony,"Cover Sessions, Vol. 3",When I Was Your Man,52,218472,False,0.403,0.237,7,-10.001,1,0.0391,0.906,0.0,0.111,0.163,144.174,4,Rock,acoustic,"https://cdnt-preview.dzcdn.net/api/1/1/9/0/e/0/90e0e04c2ea86ee167d764b6685b5fb6.mp3?hdnea=exp=1785601277~acl=/api/1/1/9/0/e/0/90e0e04c2ea86ee167d764b6685b5fb6.mp3*~data=user_id=0,application_id=42~hmac=ef61803c15c7f75ddd16ea0141fe0149eae93e6942cae7462a6b1aa751caca45",https://cdn-images.dzcdn.net/images/cover/dbc0055f569d36f813f37e8d55583c0a/250x250-000000-80-0-0.jpg
5LuSu8fS8PGCH88EDPLYcy,Amber Leigh Irish,Save Your Tears (Acoustic),Save Your Tears - Acoustic,49,177818,False,0.693,0.111,0,-12.356,1,0.0379,0.937,1.47e-06,0.0858,0.247,110.813,4,acoustic,acoustic,,
4nmjL1mUKOAfAbo9QG9tSE,Gen Hoshino,POP VIRUS,Koi,53,251266,False,0.598,0.819,9,-2.619,1,0.0911,0.00081,0.0,0.218,0.878,158.115,4,Música asiática,acoustic,"https://cdnt-preview.dzcdn.net/api/1/1/c/9/3/0/c935415c19aa9fcea12872a7d0637ebb.mp3?hdnea=exp=1785601276~acl=/api/1/1/c/9/3/0/c935415c19aa9fcea12872a7d0637ebb.mp3*~data=user_id=0,application_id=42~hmac=e801d9cbd2e4d5e15f25f9d8eca0698f437af60595139676a97b87f52e0dde18",https://cdn-images.dzcdn.net/images/cover/58d41070dd36086234349e5d0a270788/250x250-000000-80-0-0.jpg
4A6GiKusHlmrtqCyKAyPg2,Richard Walters,A.M.,July Bones,54,239400,False,0.596,0.27,2,-11.486,1,0.0265,0.785,0.134,0.0647,0.155,100.006,4,Folk,acoustic,"https://cdnt-preview.dzcdn.net/api/1/1/d/0/c/0/d0cb83be154905ba8860a54a7efcac07.mp3?hdnea=exp=1785601277~acl=/api/1/1/d/0/c/0/d0cb83be154905ba8860a54a7efcac07.mp3*~data=user_id=0,application_id=42~hmac=c29ccfe37220e134b26d9195963ff465cae464f73498f65a912b466cbe693725",https://cdn-images.dzcdn.net/images/cover/476eda3cc73bbc94e4b647af988c505a/250x250-000000-80-0-0.jpg
6y4PDihMDJdFRjhunzpJ6s,Kaiak;Viktoria Tolstoy,Autumn Breeze,Autumn Breeze,50,241413,False,0.589,0.334,7,-10.08,1,0.029,0.832,0.0,0.133,0.208,80.036,4,Pop,acoustic,"https://cdnt-preview.dzcdn.net/api/1/1/2/e/d/0/2ed92a2834c0e9e3acff390949a7a2de.mp3?hdnea=exp=1785601282~acl=/api/1/1/2/e/d/0/2ed92a2834c0e9e3acff390949a7a2de.mp3*~data=user_id=0,application_id=42~hmac=4a20d7ef19b2ad5cea28c1742726115a37efe1b5513e042fe97d0fd8114e1c04",https://cdn-images.dzcdn.net/images/cover/508cd851dec00bc8f8c8f943a5c88766/250x250-000000-80-0-0.jpg
45SbQo5bq8f0hNdB70IyFC,Boyce Avenue,Save Your Tears,Save Your Tears,57,216800,False,0.735,0.275,8,-8.994,0,0.0304,0.746,0.0,0.131,0.294,116.004,4,Rock,acoustic,"https://cdnt-preview.dzcdn.net/api/1/1/1/3/0/0/13029c00debba62e75baf1f8870a1fb7.mp3?hdnea=exp=1785601279~acl=/api/1/1/1/3/0/0/13029c00debba62e75baf1f8870a1fb7.mp3*~data=user_id=0,application_id=42~hmac=fdaec208b97b56594ca8429e237cdf8e49bc6e424c529f39bff24a1bb42d384a",https://cdn-images.dzcdn.net/images/cover/56be74427f12f37120ed7321092c8031/250x250-000000-80-0-0.jpg
4l2fpkIEUWv7G9DNp9M2nr,Bailey Rushlow,You're Still The One (Acoustic),You're Still The One - Acoustic,53,161306,False,0.605,0.168,2,-11.388,1,0.0496,0.887,0.0,0.12,0.398,119.836,4,Pop,acoustic,"https://cdnt-preview.dzcdn.net/api/1/1/a/d/0/0/ad00f6362686cc25bf50d1828fb065bd.mp3?hdnea=exp=1785601281~acl=/api/1/1/a/d/0/0/ad00f6362686cc25bf50d1828fb065bd.mp3*~data=user_id=0,application_id=42~hmac=e716f144692d780276a943aee362c4bc6cb33163ce4c9bf440728e2ade8cedb5",https://cdn-images.dzcdn.net/images/cover/ca296a453df9447e7e147b4061ce28a9/250x250-000000-80-0-0.jpg
1wflx5YklLYToaIbXkrZSq,Kina Grannis,Somebody Loved,Somebody Loved,57,153105,False,0.612,0.107,0,-15.867,1,0.0302,0.936,0.0,0.109,0.637,78.393,4,Singer & Songwriter,acoustic,"https://cdnt-preview.dzcdn.net/api/1/1/2/9/4/0/294442bbef84625ac493992cde63f0fa.mp3?hdnea=exp=1785601282~acl=/api/1/1/2/9/4/0/294442bbef84625ac493992cde63f0fa.mp3*~data=user_id=0,application_id=42~hmac=e5315dfd13a40e33b1d81f914ee2bf5f21e8e884ced5184059bacf636da1de28",https://cdn-images.dzcdn.net/images/cover/7fca0d08bdacf68eaede936806dcdb76/250x250-000000-80-0-0.jpg
0RRZxVYjfY3jWT4XiYAW7k,Boyce Avenue,"Cover Sessions, Vol. 4",Rise,49,202167,False,0.568,0.177,2,-11.277,1,0.0374,0.93,0.0,0.0905,0.354,103.822,4,Rock,acoustic,"https://cdnt-preview.dzcdn.net/api/1/1/b/8/0/0/b80d7e790d4a22e16f44a422d3f96cfe.mp3?hdnea=exp=1785601277~acl=/api/1/1/b/8/0/0/b80d7e790d4a22e16f44a422d3f96cfe.mp3*~data=user_id=0,application_id=42~hmac=6684a3935f3a80c312faadebd42eccabe66c19659505bb6b07677bbe5d3e9c2e",https://cdn-images.dzcdn.net/images/cover/7a772e1dbc5b86f107992aba063632bf/250x250-000000-80-0-0.jpg
6f9qzNP6elRi8i2NgqGoE5,John Adams,Bohemian Rhapsody (Acoustic),Bohemian Rhapsody - Acoustic,52,173426,False,0.451,0.0665,0,-13.862,0,0.0516,0.967,1.06e-06,0.109,0.349,64.289,4,Pop,acoustic,"https://cdnt-preview.dzcdn.net/api/1/1/f/4/7/0/f47837767513e481d59d67036aad96df.mp3?hdnea=exp=1785601281~acl=/api/1/1/f/4/7/0/f47837767513e481d59d67036aad96df.mp3*~data=user_id=0,application_id=42~hmac=3d5fb060d4c17fac410a0febfedd7ee6e8a064ee5f08d149e498b4c4e7dc115d",https://cdn-images.dzcdn.net/images/cover/14e87759889584a3395a7269a25e45f8/250x250-000000-80-0-0.jpg
39dhIbeOy13KQlVlLM0m8G,Amber Leigh Irish,As It Was (Acoustic),As It Was - Acoustic,51,144644,False,0.595,0.0477,11,-14.672,1,0.0662,0.923,0.0,0.0909,0.513,118.162,3,Pop,acoustic,"https://cdnt-preview.dzcdn.net/api/1/1/7/c/1/0/7c187e97909e84df4f83ff447c0c4834.mp3?hdnea=exp=1785601284~acl=/api/1/1/7/c/1/0/7c187e97909e84df4f83ff447c0c4834.mp3*~data=user_id=0,application_id=42~hmac=e1cac0984f2ee0fe8443cf1fa9b00fc1097284f5b774938cd88a43df55ade753",https://cdn-images.dzcdn.net/images/cover/d85d192d636af2c893007565b8687313/250x250-000000-80-0-0.jpg
3m0jiOJfxIqGGsRKMOA2uQ,Canyon City,Wish List,Wish List,46,212760,False,0.307,0.11,1,-15.253,1,0.0388,0.733,6.04e-06,0.111,0.32,201.008,3,Alternativo,acoustic,"https://cdnt-preview.dzcdn.net/api/1/1/a/9/7/0/a9723602e6a3527eb78942c4196555ef.mp3?hdnea=exp=1785601280~acl=/api/1/1/a/9/7/0/a9723602e6a3527eb78942c4196555ef.mp3*~data=user_id=0,application_id=42~hmac=c68b1b2254b0f6ec81f35fd5dc36262bb69d22b7493a5a8eb2a55810b5e64518",https://cdn-images.dzcdn.net/images/cover/0ddd3fbb563e851cfd7ba14b18b06a88/250x250-000000-80-0-0.jpg
6IiFTtc2ipIXW5HzwFzOjh,Chord Overstreet,Beautiful Disaster,Beautiful Disaster,41,241758,False,0.3,0.27,8,-14.397,0,0.0371,0.9,4.47e-05,0.1,0.214,144.589,4,acoustic,acoustic,"https://cdnt-preview.dzcdn.net/api/1/1/4/9/2/0/49262f11b293ad8d3a997b167987c213.mp3?hdnea=exp=1785601278~acl=/api/1/1/4/9/2/0/49262f11b293ad8d3a997b167987c213.mp3*~data=user_id=0,application_id=42~hmac=c256b537f16177a180a1827fc4834ae9236e29669874cd4f2e5c1098b26789aa",https://cdn-images.dzcdn.net/images/cover/a698b60dc398514e9c6159197795f3af/250x250-000000-80-0-0.jpg
2JI53ZVCxMucM68UpCtZ5C,Wayne Mack,Fake a smile,Fake a smile,57,169600,False,0.731,0.191,0,-11.359,1,0.122,0.735,0.671,0.131,0.274,149.91,4,Pop,acoustic,"https://cdnt-preview.dzcdn.net/api/1/1/7/c/8/0/7c87117eb10960e1e1772aaeb26bcc11.mp3?hdnea=exp=1785601278~acl=/api/1/1/7/c/8/0/7c87117eb10960e1e1772aaeb26bcc11.mp3*~data=user_id=0,application_id=42~hmac=97fd619940d256b1b1de8e5a54d66c10f916b2012c4d2d9b3fde0cd0313c4fdd",https://cdn-images.dzcdn.net/images/cover/14f093e88e15b6279be0569d8c246752/250x250-000000-80-0-0.jpg
5NqGfELjcdvRIUuhgZJ34W,Aimyon,Momentary Sixth Sense,Marigold,50,306626,False,0.545,0.745,2,-3.098,1,0.0286,0.0452,0.0,0.0907,0.413,106.094,4,Música asiática,acoustic,"https://cdnt-preview.dzcdn.net/api/1/1/d/0/d/0/d0d37f4da65390737edeab6eb2e2a83f.mp3?hdnea=exp=1785601283~acl=/api/1/1/d/0/d/0/d0d37f4da65390737edeab6eb2e2a83f.mp3*~data=user_id=0,application_id=42~hmac=f5454fbaa89df8d57f15bda9638c8efa7dc082b934bbfd23f124a0da784dc8ec",https://cdn-images.dzcdn.net/images/cover/0890b037474e3ba19d7d534d1a85f17a/250x250-000000-80-0-0.jpg
0Bv0qHGKNiwzDtHzXrjmIn,Sungha Jung,Irony,River Flows In You,42,214466,False,0.356,0.23,6,-16.957,0,0.0519,0.923,0.801,0.112,0.11,129.532,4,Música asiática,acoustic,"https://cdnt-preview.dzcdn.net/api/1/1/9/d/1/0/9d1d53fe9003dfa63b1991446e23c7d1.mp3?hdnea=exp=1785601283~acl=/api/1/1/9/d/1/0/9d1d53fe9003dfa63b1991446e23c7d1.mp3*~data=user_id=0,application_id=42~hmac=19dbc8bf148ae3e6e948b61fa14c34b71f157e1374b14dce70d09f1c84525d31",https://cdn-images.dzcdn.net/images/cover/86afe451eae092d1991f7c9dc574856b/250x250-000000-80-0-0.jpg
7z2DKGAsPPdxOwTzMaVYD4,Tamio Okuda,Bullet Train (Original Motion Picture Soundtrack),Kill Me Pretty,47,160466,False,0.432,0.796,7,-7.262,1,0.0606,0.000153,0.00209,0.266,0.271,141.868,4,Filmes/Games,acoustic,"https://cdnt-preview.dzcdn.net/api/1/1/c/f/6/0/cf661f39664ea61b4e86d61aedd0fcc1.mp3?hdnea=exp=1785601279~acl=/api/1/1/c/f/6/0/cf661f39664ea61b4e86d61aedd0fcc1.mp3*~data=user_id=0,application_id=42~hmac=b1688c8bd70fea9edb0ae7f19a4ca4e2ef72d8bca3c948f108911436d56a3091",https://cdn-images.dzcdn.net/images/cover/27114af8864631346dc04f5e34e41260/250x250-000000-80-0-0.jpg
2XW4AAjfBQTzp7Oe1tU702,Us The Duo,No Matter Where You Are,No Matter Where You Are,55,178826,False,0.693,0.664,4,-5.852,1,0.0336,0.0309,0.0,0.223,0.436,132.059,4,Pop,acoustic,"https://cdnt-preview.dzcdn.net/api/1/1/d/3/9/0/d39580fd5cd1aef70ade4428c0f5da38.mp3?hdnea=exp=1785601282~acl=/api/1/1/d/3/9/0/d39580fd5cd1aef70ade4428c0f5da38.mp3*~data=user_id=0,application_id=42~hmac=e7e9cb4c3df4f3fa6566ce2aa8e0da48e8b3dec7070261c2ced32c998e291927",https://cdn-images.dzcdn.net/images/cover/330ac3410653e6e26e0d49f29242df5c/250x250-000000-80-0-0.jpg
7Afr3PKTtlFGHGiXYgnv6P,Ben Rector,The Walking in Between,I Like You,56,138506,False,0.624,0.334,3,-11.89,1,0.0391,0.321,3.27e-06,0.113,0.397,157.92,4,acoustic,acoustic,"https://cdnt-preview.dzcdn.net/api/1/1/d/4/2/0/d42624bdcce204e2bb9cd7b65fbc68f1.mp3?hdnea=exp=1785601279~acl=/api/1/1/d/4/2/0/d42624bdcce204e2bb9cd7b65fbc68f1.mp3*~data=user_id=0,application_id=42~hmac=0eb29894d6b4c203d8c38506a283389801e659b4f3088633da4716234e3c69e4",https://cdn-images.dzcdn.net/images/cover/9eaf1098d5caf9cb802384b53dac7750/250x250-000000-80-0-0.jpg
5CijCh8uOTWZO9DQpYwAXw,Parachute,Losing Sleep,The Mess I Made,49,230613,False,0.423,0.572,6,-5.109,1,0.0347,0.0158,0.0,0.231,0.17,165.394,4,Rock,acoustic,"https://cdnt-preview.dzcdn.net/api/1/1/7/3/f/0/73f111f27371e4381fe2bb4cbdedc14d.mp3?hdnea=exp=1785601282~acl=/api/1/1/7/3/f/0/73f111f27371e4381fe2bb4cbdedc14d.mp3*~data=user_id=0,application_id=42~hmac=87a759a8c9aefa024d5c93380a125fa915401b5151423bb18c487ca573200a0c",https://cdn-images.dzcdn.net/images/cover/aac7b6cfcb13d2c89ec076c62fe52d85/250x250-000000-80-0-0.jpg
6xAjAocTRpKamQlCy50RRQ,Zee Avi,Zee Avi's Nightlight,Dream a Little Dream of Me,50,111842,False,0.555,0.0879,0,-12.141,1,0.0477,0.968,0.0,0.096,0.428,84.174,4,acoustic,acoustic,"https://cdnt-preview.dzcdn.net/api/1/1/a/c/b/0/acb06b732e651775ec0e7c53c3b3cc94.mp3?hdnea=exp=1785601280~acl=/api/1/1/a/c/b/0/acb06b732e651775ec0e7c53c3b3cc94.mp3*~data=user_id=0,application_id=42~hmac=bb750e91bc2bb22c1d9f4e9b6733ae9a301724ed495083a2af5fcb5f1218d4f9",https://cdn-images.dzcdn.net/images/cover/a598a53f91faaea29d3776b3c1b5a77c/250x250-000000-80-0-0.jpg
0voYwjeuMfvXlF76oesZKu,Joshua Radin,"Here, Right Now","Here, Right Now",56,183213,False,0.496,0.391,10,-9.844,1,0.0311,0.826,0.0126,0.108,0.492,108.868,4,acoustic,acoustic,,
6xMm545wcSYbhNFB2Jr2EP,Boyce Avenue,Wonderful Tonight,Wonderful Tonight,52,220507,False,0.671,0.299,7,-10.582,1,0.0284,0.753,1.71e-06,0.0975,0.286,95.008,4,acoustic,acoustic,,
7pq5vONxrAy8T773nhkiW3,Gabrielle Aplin,English Rain,Salvation,50,248506,False,0.379,0.267,4,-8.981,1,0.0293,0.605,0.00322,0.152,0.229,135.198,4,Singer & Songwriter,acoustic,"https://cdnt-preview.dzcdn.net/api/1/1/2/4/a/0/24ab2d00e4478a113c063f7ed38a8bb8.mp3?hdnea=exp=1785601284~acl=/api/1/1/2/4/a/0/24ab2d00e4478a113c063f7ed38a8bb8.mp3*~data=user_id=0,application_id=42~hmac=c929a8de0f7712f697a1191050dbc90b342b964df9820af197ecb90531142dc8",https://cdn-images.dzcdn.net/images/cover/83f6894dabf9e87d6c9698e0ae6158c0/250x250-000000-80-0-0.jpg
2dS2710jYUM8gE2V1KC3uG,Jon Bryant,Twenty Something,Wilderness,53,269986,False,0.499,0.209,3,-16.668,1,0.0305,0.882,0.00491,0.088,0.138,82.892,4,Alternativo,acoustic,"https://cdnt-preview.dzcdn.net/api/1/1/2/c/0/0/2c0f5a6d734f5d4bbef48528c4b2aea7.mp3?hdnea=exp=1785601281~acl=/api/1/1/2/c/0/0/2c0f5a6d734f5d4bbef48528c4b2aea7.mp3*~data=user_id=0,application_id=42~hmac=f23956d087791a950c1b16516b5d5c56bca4e6eedd0be0f646ab8484ebd8085d",https://cdn-images.dzcdn.net/images/cover/23098f676d708ca0cef9558b5ab58c19/250x250-000000-80-0-0.jpg
2jcdviEbZPIpwM10JBQNYc,Masaharu Fukuyama,Calling,恋人 (Original Version),33,272773,False,0.649,0.336,7,-12.053,1,0.0299,0.27,0.0,0.137,0.47,71.967,4,Música asiática,acoustic,"https://cdnt-preview.dzcdn.net/api/1/1/a/0/c/0/a0c9b988093074d59c602c07dd7c1e2c.mp3?hdnea=exp=1785601283~acl=/api/1/1/a/0/c/0/a0c9b988093074d59c602c07dd7c1e2c.mp3*~data=user_id=0,application_id=42~hmac=04863dbbbc8e111a67637dce7bc7060bd91a920e3e1166a7dbd6633a1269c830",https://cdn-images.dzcdn.net/images/cover/d963d4a3d4c307a56c98e0ae70e2b236/250x250-000000-80-0-0.jpg
6wVxhM5GJiZCro0xPWox6g,Bailey Pelkman;Randy Rektor,Acoustic Duets,I Just Called To Say I Love You,54,189646,False,0.746,0.257,0,-9.878,1,0.0312,0.772,0.0,0.107,0.348,132.032,4,acoustic,acoustic,"https://cdnt-preview.dzcdn.net/api/1/1/a/7/c/0/a7ce9ba6374ec7e18c8a52767bf02530.mp3?hdnea=exp=1785601282~acl=/api/1/1/a/7/c/0/a7ce9ba6374ec7e18c8a52767bf02530.mp3*~data=user_id=0,application_id=42~hmac=84c354ba98dcb9bdb60c8cf294c815b848896c8b3fc5881e8e7f38eb38f60812",https://cdn-images.dzcdn.net/images/cover/f18a1967f53f1e5294a98203a2587bc3/250x250-000000-80-0-0.jpg
7oyFihJppZYPP7o0NfoHnZ,A Great Big World;Christina Aguilera,Particles,Fall on Me,50,262820,False,0.393,0.268,9,-6.741,1,0.0385,0.697,0.0,0.11,0.225,110.456,4,Pop,acoustic,"https://cdnt-preview.dzcdn.net/api/1/1/2/7/d/0/27dd1d61dedafa10de0ff7e53bf6c418.mp3?hdnea=exp=1785601282~acl=/api/1/1/2/7/d/0/27dd1d61dedafa10de0ff7e53bf6c418.mp3*~data=user_id=0,application_id=42~hmac=9594a707074df4ff3d1a3ec6205ab9428808a51af49bd1a79c3f16c6d22c7840",https://cdn-images.dzcdn.net/images/cover/9aadd83e074c3d0668143b851baff4df/250x250-000000-80-0-0.jpg
2a0WwSvmFdXPTdDMilPA1y,John Frusciante,Shadows Collide With People,Song To Sing When I'm Lonely,54,195213,False,0.629,0.673,6,-4.379,1,0.0262,0.294,0.0109,0.139,0.419,114.243,4,Pop,acoustic,"https://cdnt-preview.dzcdn.net/api/1/1/1/c/a/0/1caaa5bcc2b08de5791e8bae7f27e0d2.mp3?hdnea=exp=1785601283~acl=/api/1/1/1/c/a/0/1caaa5bcc2b08de5791e8bae7f27e0d2.mp3*~data=user_id=0,application_id=42~hmac=2cf164ac59dbeda5c66c3aae59dc1f00e9abf334c63070d320187cf632604a9a",https://cdn-images.dzcdn.net/images/cover/ae714b3948f1a57b2a87bd3fb3e929ea/250x250-000000-80-0-0.jpg
0vxlqUrmgsiyAWOHaAfnSK,Ron Pope,Daylight,A Drop In the Ocean,55,228311,False,0.458,0.363,5,-6.473,1,0.032,0.892,3.79e-06,0.155,0.492,134.252,3,Rock,acoustic,"https://cdnt-preview.dzcdn.net/api/1/1/a/0/d/0/a0d9919f43aa98ae18defd0d75dd2a06.mp3?hdnea=exp=1785601283~acl=/api/1/1/a/0/d/0/a0d9919f43aa98ae18defd0d75dd2a06.mp3*~data=user_id=0,application_id=42~hmac=241780da2ef96aea5b24bcb3bc81ab85ec3d2a6e9788a57e6a42837b06177e4e",https://cdn-images.dzcdn.net/images/cover/29110f81c7ccc2602a9170f8d48e9792/250x250-000000-80-0-0.jpg
78ylzQxu8Ht3gbFq5hI9Vo,Tres Hermanas,Have Yourself a Merry Little Christmas,Have Yourself a Merry Little Christmas,32,155792,False,0.452,0.268,8,-9.405,1,0.0311,0.961,2.85e-05,0.119,0.265,66.805,4,acoustic,acoustic,,
1BZnc6VaggPnrQyjem5Dpf,Masaharu Fukuyama,Message/今 このひとときが 遠い夢のように,Message (Original Version),33,256506,False,0.616,0.791,9,-6.246,1,0.0293,0.0599,3.97e-06,0.318,0.589,126.764,4,acoustic,acoustic,"https://cdnt-preview.dzcdn.net/api/1/1/7/0/1/0/7016defd970e13bcb5e811fb5197a057.mp3?hdnea=exp=1785601283~acl=/api/1/1/7/0/1/0/7016defd970e13bcb5e811fb5197a057.mp3*~data=user_id=0,application_id=42~hmac=bada1303e746dde294701d9b49bbe64a437c80fb1e0bf4ecf1dadafbf4fcda4e",https://cdn-images.dzcdn.net/images/cover/eddf480cf49832331e491e4a418ebae2/250x250-000000-80-0-0.jpg
2K3jLUSLeHrPMA3nKvP1jT,Matt Johnson,"Acoustic Hits, Vol. 3",Beautiful In White,50,240000,False,0.619,0.278,4,-7.072,1,0.0267,0.836,0.0,0.121,0.233,129.948,4,Pop,acoustic,"https://cdnt-preview.dzcdn.net/api/1/1/7/7/0/0/770bcc1bb592139a2e771bb595cf0526.mp3?hdnea=exp=1785601283~acl=/api/1/1/7/7/0/0/770bcc1bb592139a2e771bb595cf0526.mp3*~data=user_id=0,application_id=42~hmac=761079893e0d2c36d8dd8374f6102435b0a51669ea7b0f8fdfb8279082078118",https://cdn-images.dzcdn.net/images/cover/dce11a49f7abaaabdf70e67df7f0f55b/250x250-000000-80-0-0.jpg
674WNL7f5Xo8XxtipzB3ao,The Mayries,#Acoustic #2,Heaven Is a Place on Earth,56,193333,False,0.634,0.176,0,-14.703,1,0.0307,0.931,1.6e-06,0.136,0.335,107.974,4,Pop,acoustic,"https://cdnt-preview.dzcdn.net/api/1/1/7/e/c/0/7ec48624f5dbc9643c410f4a3bf623c0.mp3?hdnea=exp=1785601283~acl=/api/1/1/7/e/c/0/7ec48624f5dbc9643c410f4a3bf623c0.mp3*~data=user_id=0,application_id=42~hmac=0c6be1ffa4126c294082ba394f65eb55ce6593e3bfab034da3f252a9c0fb93ac",https://cdn-images.dzcdn.net/images/cover/1cbe6741a4f5e727203ebb93439233b9/250x250-000000-80-0-0.jpg
73Nw51XTNstlk3Wu1K26cB,Stephen Speaks,No More Doubt,Passenger Seat (Acoustic),63,273066,False,0.549,0.437,7,-8.64,1,0.0313,0.682,1.59e-05,0.224,0.688,153.604,4,Pop,acoustic,"https://cdnt-preview.dzcdn.net/api/1/1/b/8/4/0/b84219dafd640ad4cffe9977e519fdfe.mp3?hdnea=exp=1785601284~acl=/api/1/1/b/8/4/0/b84219dafd640ad4cffe9977e519fdfe.mp3*~data=user_id=0,application_id=42~hmac=0219946759ed0269e0483cf1a6d2958c287c7a1eeab18cc45306ba8c141c6a7b",https://cdn-images.dzcdn.net/images/cover/7c5fc73569bc5674d2ec33f3eecdbd40/250x250-000000-80-0-0.jpg
5OWl1kO0gRlPxmp1wFyIWZ,Eddie Vedder,Into The Wild (Music For The Motion Picture),Guaranteed - Humming Version,48,162309,False,0.292,0.339,7,-13.153,1,0.032,0.923,0.879,0.111,0.343,100.69,4,Rock,acoustic,"https://cdnt-preview.dzcdn.net/api/1/1/2/2/f/0/22f99180954aa9c4f052b7a54db89cf2.mp3?hdnea=exp=1785601284~acl=/api/1/1/2/2/f/0/22f99180954aa9c4f052b7a54db89cf2.mp3*~data=user_id=0,application_id=42~hmac=30e5c1a32fdd090c746497d643258df5a5990c8fbf45899db2cfc809935ad1e2",https://cdn-images.dzcdn.net/images/cover/cb6767337e9806f133330c4a7698bdd4/250x250-000000-80-0-0.jpg
5QjuTblPokfD03fkfHUuVK,Dave Van Ronk,Folksinger,"Hang Me, Oh Hang Me",54,190106,False,0.504,0.0273,2,-21.441,1,0.0415,0.931,1.1e-05,0.109,0.395,120.24,4,acoustic,acoustic,"https://cdnt-preview.dzcdn.net/api/1/1/8/c/f/0/8cf15a2d1b5474b42d0de35569cc166b.mp3?hdnea=exp=1785601284~acl=/api/1/1/8/c/f/0/8cf15a2d1b5474b42d0de35569cc166b.mp3*~data=user_id=0,application_id=42~hmac=32db7e6ba3fec139b6f19d775d67a0a538befe809a2695332bfa2c2affaf23fd",https://cdn-images.dzcdn.net/images/cover/bd1894a7755b43dfc2e33e65db4b1de5/250x250-000000-80-0-0.jpg
2oLaalXlOgiJ70CaI992BA,John Frusciante;Josh Klinghoffer,A Sphere in the Heart of Silence,The Afterglow,31,319320,False,0.636,0.869,6,-5.095,0,0.0284,0.129,0.0554,0.272,0.369,124.183,4,acoustic,acoustic,"https://cdnt-preview.dzcdn.net/api/1/1/6/f/5/0/6f59fb4c26f0fe17c4b9d68541b87f15.mp3?hdnea=exp=1785601284~acl=/api/1/1/6/f/5/0/6f59fb4c26f0fe17c4b9d68541b87f15.mp3*~data=user_id=0,application_id=42~hmac=66e48a6d6348c2f2cd2a058868b194e39ba506006d56bbce7765c2141fb99e52",https://cdn-images.dzcdn.net/images/cover/f7b83854cd6d6a198f9a77a4cb643511/250x250-000000-80-0-0.jpg
0rQ146AWbwiDC1DheKXJxm,Frank Turner,West Coast vs. Wessex,Eat the Meek,31,237093,False,0.486,0.913,5,-6.416,1,0.0616,2.45e-05,0.289,0.225,0.334,136.073,4,acoustic,acoustic,,
5ZUObJNpVt2l9GogUSfALc,Joy Williams,Front Porch,The Trouble with Wanting,60,235586,False,0.396,0.198,2,-9.096,1,0.031,0.912,0.0,0.0972,0.19,138.624,3,acoustic,acoustic,"https://cdnt-preview.dzcdn.net/api/1/1/a/5/c/0/a5c07b5ae3d33f2cb4a12a0bcd6d6adc.mp3?hdnea=exp=1785601284~acl=/api/1/1/a/5/c/0/a5c07b5ae3d33f2cb4a12a0bcd6d6adc.mp3*~data=user_id=0,application_id=42~hmac=c516f37ced3167b13ab8c4b9b6bb13d18fe54a9093a6fee0cfae9bc156f0c8a7",https://cdn-images.dzcdn.net/images/cover/426c803e1bf1849a6066afd6d011e406/250x250-000000-80-0-0.jpg
1jyddn36UN4tVsJGtaJfem,Ray LaMontagne,Gossip In The Grain,You Are the Best Thing,67,231840,False,0.578,0.727,10,-4.872,1,0.0332,0.0304,1.99e-05,0.172,0.885,170.593,4,acoustic,acoustic,"https://cdnt-preview.dzcdn.net/api/1/1/a/4/7/0/a476ffd7a73a2b78fff627c3363af994.mp3?hdnea=exp=1785601284~acl=/api/1/1/a/4/7/0/a476ffd7a73a2b78fff627c3363af994.mp3*~data=user_id=0,application_id=42~hmac=fb4f58f9cd525a2bc08f5319a3b786c1255cd5e8de27144fa032df1d211724a5",https://cdn-images.dzcdn.net/images/cover/f894b577a1f3a953be8c231af1e550ed/250x250-000000-80-0-0.jpg
73JI06Eznb1N22KHpo3HL7,Mischief Brew,Bacchanal 'N' Philadelphia,Boycott Me!,33,163666,False,0.684,0.509,4,-7.608,1,0.0334,0.571,0.0,0.402,0.69,132.297,4,acoustic,acoustic,,
0YG5wOXVpvNUyPihvr1zsa,Days N Daze;Freddie Boatright,Crustfall,To Risk to Live,32,122026,True,0.623,0.567,10,-7.779,1,0.037,0.831,6.44e-06,0.104,0.929,129.949,4,acoustic,acoustic,"https://cdnt-preview.dzcdn.net/api/1/1/4/8/1/0/481a74cd305e9b017036e93e72872bb2.mp3?hdnea=exp=1785601284~acl=/api/1/1/4/8/1/0/481a74cd305e9b017036e93e72872bb2.mp3*~data=user_id=0,application_id=42~hmac=cb6b6092c09a604dc32d84ad4853da2e07a452fcdaf1c19c83740e59f95a886d",https://cdn-images.dzcdn.net/images/cover/a66700161f317e4f697ef0eac6142ceb/250x250-000000-80-0-0.jpg
0wKt65XM5Wit3QH7lZtESU,The Bridge City Sinners,Unholy Hymns,"The Legend of Olog-hai, Pt. 1",31,165799,False,0.228,0.574,4,-7.959,0,0.0421,0.517,0.00148,0.128,0.389,182.379,4,acoustic,acoustic,,
6339iq4yAm87arKgnNc922,Zee Avi,Acoustic Christmas Campfire,No Christmas For Me,0,160666,False,0.809,0.313,9,-12.182,1,0.0428,0.876,0.0,0.112,0.35,114.955,4,acoustic,acoustic,,
6mFsYlDjG2Esy5hXhNy78t,Get Dead,Tall Cans & Loose Ends,This One's for Johnny,31,195640,False,0.482,0.772,1,-5.128,1,0.0318,0.0265,0.0,0.269,0.586,129.91,4,acoustic,acoustic,,
7c0YUDcJreOv1OoBGf1KdH,Highland Peak,Graveyard,Graveyard - Acoustic,45,254296,False,0.425,0.249,4,-12.219,0,0.0355,0.87,0.00175,0.124,0.235,123.632,4,acoustic,acoustic,,
3V0NxWbbUTa3BUAnchm11i,Ichiko Aoba,amuletum bouquet,bouquet,56,256361,False,0.298,0.044,5,-20.176,1,0.035,0.983,0.124,0.101,0.115,85.708,4,acoustic,acoustic,,
3c8k1iPo45JM4fKvIfumwh,Aoi Teshima,Highlights from Aoi Works II,こころをこめて,45,297266,False,0.468,0.254,6,-11.839,1,0.0303,0.938,0.000442,0.107,0.242,135.862,4,acoustic,acoustic,,
5oDDFjWMz0KiMmRzWSFfQ6,AcousticTrench,Paradise,Paradise,42,170125,False,0.507,0.191,5,-16.342,1,0.0408,0.99,0.933,0.108,0.221,132.131,4,acoustic,acoustic,,
5TIXBnwtMYwgC9yc1QjFp7,Parachute,Parachute,Better,46,273026,False,0.515,0.249,8,-10.108,0,0.044,0.793,0.0,0.102,0.213,108.89,5,acoustic,acoustic,,
4GiLKZ6Fd3d5UMJMGuzAA0,Matt Nathanson,American Wedding,Laid,50,182826,False,0.565,0.89,0,-5.481,1,0.0285,0.00537,6.61e-05,0.213,0.744,119.862,4,acoustic,acoustic,,
6cYx8rBh13laBDAzvD7VrH,Lee DeWyze,Oil & Water,Same For You,45,217373,False,0.635,0.433,11,-7.682,0,0.029,0.86,0.43,0.0877,0.489,130.111,4,acoustic,acoustic,,
1jUyxF7NmNXGlZQDVw40O8,Clementine Duo,2U (Acoustic Version),2U - Acoustic Version,56,208102,False,0.657,0.192,10,-13.108,0,0.0365,0.894,0.0,0.157,0.305,130.087,4,acoustic,acoustic,,
4G8wt3fUBpgBjI35TBF2eQ,Rachael Yamagata,Elephants...Teeth Sinking Into Heart (Standard Version),Duet,43,241120,False,0.459,0.14,9,-15.482,1,0.0367,0.895,0.00565,0.138,0.146,128.904,4,acoustic,acoustic,,
4eSOx2FzrVXpKmtssY59LB,Brandon Chase,I'll Say I Do,I'll Say I Do,39,235000,False,0.391,0.31,7,-8.706,1,0.0268,0.614,3.6e-06,0.1,0.295,83.46,4,acoustic,acoustic,,
0YhsOegsemgmT7ZHdWheUy,Bailey Jehl,Anyone,Anyone,53,172766,False,0.371,0.208,11,-13.167,1,0.0462,0.912,0.0,0.105,0.309,199.805,4,acoustic,acoustic,,
1WSF2SjtfkV8LjTlF8uCZH,Gabrielle Aplin,English Rain,Start of Time,45,239855,False,0.453,0.461,0,-9.328,0,0.0329,0.165,0.0,0.109,0.0844,106.84,5,acoustic,acoustic,,
6pTZ8Oy1xGKGCE4saVScoy,Zack Tabudlo,In The Mood For Love,Give Me Your Forever,32,244800,False,0.627,0.363,8,-8.127,1,0.0291,0.279,0.0,0.0928,0.301,99.905,4,Pop,acoustic,https://audio-ssl.itunes.apple.com/itunes-assets/AudioPreview125/v4/ca/2b/20/ca2b201e-739c-6500-217a-ad6a7864b462/mzaf_8357718588881683590.plus.aac.p.m4a,https://is1-ssl.mzstatic.com/image/thumb/Music115/v4/f8/fe/aa/f8feaae7-f0ec-ab22-c06f-1ca45232ea14/21UM1IM13834.rgb.jpg/100x100bb.jpg
4efRaNW2VgDf3pjbm8y4tr,Bailey Jehl,Heat Waves,Heat Waves,53,141286,False,0.706,0.248,11,-12.724,1,0.0386,0.879,0.0,0.101,0.401,125.515,4,acoustic,acoustic,,
4khjcb6Mpegp1N596VVyf6,Clementine Duo,There She Goes,There She Goes,54,145514,False,0.724,0.28,9,-12.788,1,0.0303,0.755,0.0,0.326,0.527,106.966,4,acoustic,acoustic,,
1WiVvolTPvAsVOd64HZi4X,Joshua Hyslop,Wells,Wells,51,223386,False,0.535,0.444,6,-11.212,1,0.0291,0.669,0.0278,0.104,0.217,83.99,4,acoustic,acoustic,,
1YnLthg0HOs8YTzgN5hVh2,Kina Grannis;Imaginary Future,God Only Knows,God Only Knows,55,136542,False,0.658,0.125,8,-15.901,1,0.0323,0.877,0.0,0.287,0.507,106.686,4,acoustic,acoustic,,
0N7UyDRbyHe2L63ilYDcRK,Andrew Foy;Renee Foy,Afterglow,Afterglow,33,211358,False,0.711,0.168,0,-16.504,1,0.0367,0.868,1.99e-05,0.114,0.299,109.937,4,acoustic,acoustic,,
5EndcDV7pcbLO4jE2GBZwC,Kurt Cobain,Montage Of Heck: The Home Recordings (Deluxe Soundtrack),Burn The Rain,55,76453,False,0.504,0.415,8,-19.308,0,0.121,0.879,0.494,0.35,0.626,114.263,4,acoustic,acoustic,,
0MjXRAftpVBuNGYsNV1obJ,Us The Duo,Just Love,Already Mine,46,273126,False,0.309,0.175,8,-11.816,1,0.0331,0.913,6.15e-05,0.118,0.198,155.69,3,acoustic,acoustic,,
2O16qeSdWeec3Kte6TKW9p,Hanare Gumi,オアシス,きみはぼくのともだち,30,268736,False,0.628,0.027,11,-13.64,0,0.0485,0.944,0.0006,0.0909,0.203,122.007,4,acoustic,acoustic,,
1W5j84OLhShyEIJEwaLzaU,Gabrielle Aplin,Never Be the Same,Never Be the Same,46,205658,False,0.49,0.674,1,-7.276,1,0.0322,0.19,0.000143,0.0634,0.288,122.807,4,acoustic,acoustic,,
3KAQ4xe2sR6IiltZw8HSA5,Austin Basham,You and Me for Now,All Is Well,60,256680,False,0.316,0.413,11,-12.216,1,0.0334,0.856,0.00245,0.143,0.245,155.69,4,Folk,acoustic,"https://cdnt-preview.dzcdn.net/api/1/1/9/e/f/0/9ef655f56cd9b278bd2024bfcf325016.mp3?hdnea=exp=1785601286~acl=/api/1/1/9/e/f/0/9ef655f56cd9b278bd2024bfcf325016.mp3*~data=user_id=0,application_id=42~hmac=9063a66065a6522d88ed669a7895795cd87d14c5f05a30e269be5ad5b4f77e93",https://cdn-images.dzcdn.net/images/cover/7db807f6505c9259754ebd88d8b21c1d/250x250-000000-80-0-0.jpg
60wxK3idlzc3lykP8cYZ2l,Gabrielle Aplin,Dear Happy,My Mistake,51,265386,False,0.47,0.271,6,-7.636,1,0.0342,0.799,0.0,0.119,0.0943,145.902,4,Pop,acoustic,"https://cdnt-preview.dzcdn.net/api/1/1/7/4/0/0/7405a42d2d0a5ce43510ce30a7ed5ef5.mp3?hdnea=exp=1785601286~acl=/api/1/1/7/4/0/0/7405a42d2d0a5ce43510ce30a7ed5ef5.mp3*~data=user_id=0,application_id=42~hmac=25f82eff6fe0945e2f3724653fa964a1b0b8f64a125287b0a24dba63cb76eb90",https://cdn-images.dzcdn.net/images/cover/98a24e0678f2d5141f624623adcd78ca/250x250-000000-80-0-0.jpg
2O7FC4XbIrJ6Ib8bsq0FYC,Us The Duo,Us,Near Or Far,47,219306,False,0.515,0.317,9,-10.286,1,0.0283,0.816,0.0,0.0973,0.512,79.91,4,Pop,acoustic,"https://cdnt-preview.dzcdn.net/api/1/1/d/4/a/0/d4a5e4707a5edb96a2b4dc8336e2eeaa.mp3?hdnea=exp=1785601286~acl=/api/1/1/d/4/a/0/d4a5e4707a5edb96a2b4dc8336e2eeaa.mp3*~data=user_id=0,application_id=42~hmac=3659efef33dec9d7241c3415530fc5daaa6cf775c75a369f9baec50832d1fa14",https://cdn-images.dzcdn.net/images/cover/3e3e377f2e8fc7f0f80fa1c7dcfe68fc/250x250-000000-80-0-0.jpg
1CYBnHYYbOAsuDCGa0zrw0,Drew Holcomb & The Neighbors,Without a Light,Without a Light,60,142200,False,0.493,0.435,7,-12.334,1,0.0423,0.656,0.000327,0.118,0.485,87.952,4,Rock,acoustic,"https://cdnt-preview.dzcdn.net/api/1/1/7/d/f/0/7df8f1edffc0f9f9ca1c21f916d37d88.mp3?hdnea=exp=1785601286~acl=/api/1/1/7/d/f/0/7df8f1edffc0f9f9ca1c21f916d37d88.mp3*~data=user_id=0,application_id=42~hmac=15c7e35626e062e1f8422042ce416a661f81b72af41da9fb47162b67fe14b903",https://cdn-images.dzcdn.net/images/cover/b99c49ead19b2b98a12dd78626578564/250x250-000000-80-0-0.jpg
1ytsxlw6P6gsCc3RrYweyj,Parachute,Wide Awake,Lonely With Me,51,218813,False,0.589,0.809,7,-5.6,1,0.0283,0.0479,0.0,0.116,0.628,87.013,4,Pop,acoustic,"https://cdnt-preview.dzcdn.net/api/1/1/b/6/7/0/b679920d3f46050a6e514541d05df345.mp3?hdnea=exp=1785601286~acl=/api/1/1/b/6/7/0/b679920d3f46050a6e514541d05df345.mp3*~data=user_id=0,application_id=42~hmac=9efdfc3816f179dcc1fda7c5a6b300b1e7d2b9ed6dd694c161118df445ef45af",https://cdn-images.dzcdn.net/images/cover/063051234e523d661f988a3190283c66/250x250-000000-80-0-0.jpg
37bc0lXXN8Udi7IPwL58Hn,Boyce Avenue;Megan Davies;Jaclyn Davies,"Cover Sessions, Vol. 4",Time After Time,60,222250,False,0.313,0.321,8,-8.713,1,0.0352,0.746,0.0,0.0948,0.243,53.845,4,Rock,acoustic,"https://cdnt-preview.dzcdn.net/api/1/1/2/c/8/0/2c851bd241a1b965c353057e4f1809e2.mp3?hdnea=exp=1785601286~acl=/api/1/1/2/c/8/0/2c851bd241a1b965c353057e4f1809e2.mp3*~data=user_id=0,application_id=42~hmac=d65b62e3e85bf44b7b9b116744907257feef6a20dd7674cf7bf0c02c0e0f3c3c",https://cdn-images.dzcdn.net/images/cover/7a772e1dbc5b86f107992aba063632bf/250x250-000000-80-0-0.jpg
5IGYPdHMSG4PLXDS9LDPJS,Eastmountainsouth,Eastmountainsouth,So Are You To Me,52,117760,False,0.302,0.0783,2,-14.968,1,0.0325,0.956,9.88e-05,0.12,0.231,140.485,5,Pop,acoustic,"https://cdnt-preview.dzcdn.net/api/1/1/e/c/5/0/ec588c51d95255ecf033fbbbe5e696fe.mp3?hdnea=exp=1785601286~acl=/api/1/1/e/c/5/0/ec588c51d95255ecf033fbbbe5e696fe.mp3*~data=user_id=0,application_id=42~hmac=3b4983c56c25ed7c48e5f4681257607fc8885961fa6b7659af4a96a2e7585f32",https://cdn-images.dzcdn.net/images/cover/cefd62466bac0168e77e67474eb35854/250x250-000000-80-0-0.jpg
53iFMaNUXn6Oj8hUIKSO5a,Peter Bradley Adams,A Face Like Mine,My Arms Were Always Around You,54,200800,False,0.643,0.436,1,-12.245,1,0.0273,0.724,0.459,0.11,0.422,91.485,4,Rock,acoustic,"https://cdnt-preview.dzcdn.net/api/1/1/9/c/7/0/9c753a801aa4df50c07d8e0a0dacdadb.mp3?hdnea=exp=1785601286~acl=/api/1/1/9/c/7/0/9c753a801aa4df50c07d8e0a0dacdadb.mp3*~data=user_id=0,application_id=42~hmac=d0b5e48d9bebb3284e8ac223722fa41c4521ef6b4081ae2ffbccd7bb4ebbb7dd",https://cdn-images.dzcdn.net/images/cover/48c1a76f3d5cb384be615225566694a9/250x250-000000-80-0-0.jpg
68KCwQ2PNKNT17sEx32DEG,The Civil Wars,Barton Hollow,Dance Me to the End of Love - Bonus,52,185053,False,0.482,0.178,2,-11.141,0,0.0292,0.843,2.46e-06,0.15,0.298,110.128,4,Alternativo,acoustic,"https://cdnt-preview.dzcdn.net/api/1/1/a/4/1/0/a41d26d1b1cc8f30bf75a48456c0cbaa.mp3?hdnea=exp=1785601286~acl=/api/1/1/a/4/1/0/a41d26d1b1cc8f30bf75a48456c0cbaa.mp3*~data=user_id=0,application_id=42~hmac=b422378619881d1f2ac137562f1ae7076d06969e5e065d398a5140e8e30f98e6",https://cdn-images.dzcdn.net/images/cover/25e099f9c2397c41a4b5f89caba087b0/250x250-000000-80-0-0.jpg
27wq82gy6a868oA5HNLRGv,Eddie Vedder,Into The Wild (Music For The Motion Picture),Photographs,51,60413,False,0.539,0.353,3,-10.191,1,0.0464,0.571,0.626,0.0877,0.321,54.571,4,Rock,acoustic,"https://cdnt-preview.dzcdn.net/api/1/1/1/2/b/0/12be01d9addad6f371d810333be38609.mp3?hdnea=exp=1785601286~acl=/api/1/1/1/2/b/0/12be01d9addad6f371d810333be38609.mp3*~data=user_id=0,application_id=42~hmac=be0178ec39e95b0a2e8a387617330d742fd0443e74d0d82e2ccec494322ce23d",https://cdn-images.dzcdn.net/images/cover/cb6767337e9806f133330c4a7698bdd4/250x250-000000-80-0-0.jpg
24M6MHeugm1sHHNzCP5eV4,Suy Galvez,Bossa Best,Baby Now That I Found You,30,244813,False,0.707,0.531,2,-7.21,1,0.0245,0.855,0.000182,0.175,0.49,107.994,4,Pop,acoustic,"https://cdnt-preview.dzcdn.net/api/1/1/f/b/b/0/fbbbe5a385882bf0c5231f3618eeaf09.mp3?hdnea=exp=1785601286~acl=/api/1/1/f/b/b/0/fbbbe5a385882bf0c5231f3618eeaf09.mp3*~data=user_id=0,application_id=42~hmac=b6bf99fa3a6652f54bc961c4b39d6d9511f6d3519b6a6bb82f86fb7a6baf1d80",https://cdn-images.dzcdn.net/images/cover/9504f7a16a2242743e6c62898e3f9086/250x250-000000-80-0-0.jpg
5DZVpQguB5TGP3MdkN3JSP,Suy Galvez,Bossa Best,Right Here Waiting,30,169733,False,0.707,0.467,2,-7.511,1,0.0367,0.832,5.33e-06,0.114,0.478,110.096,4,Pop,acoustic,"https://cdnt-preview.dzcdn.net/api/1/1/9/0/5/0/905ce353e308bcfca188a708222c7c8e.mp3?hdnea=exp=1785601290~acl=/api/1/1/9/0/5/0/905ce353e308bcfca188a708222c7c8e.mp3*~data=user_id=0,application_id=42~hmac=ae050e135519bf612dfb2cd747ed782e4163390cb79a561d47a38595280fc609",https://cdn-images.dzcdn.net/images/cover/9504f7a16a2242743e6c62898e3f9086/250x250-000000-80-0-0.jpg
2HUZVffVPXvqnrml0gXggp,Howlin' Wolf,Moanin' In The Moonlight,Smokestack Lightnin',62,188400,False,0.661,0.342,9,-16.361,0,0.043,0.844,0.000128,0.26,0.588,146.118,4,Rock,acoustic,"https://cdnt-preview.dzcdn.net/api/1/1/c/8/4/0/c84c48e68e16cc7ba478bd065cd5ea68.mp3?hdnea=exp=1785601286~acl=/api/1/1/c/8/4/0/c84c48e68e16cc7ba478bd065cd5ea68.mp3*~data=user_id=0,application_id=42~hmac=62e81e96d7d078b05ed8eab48758d11924782991b1caa0e328a039a44530a837",https://cdn-images.dzcdn.net/images/cover/1798d42995ce24f9dde18f15e9bb65aa/250x250-000000-80-0-0.jpg
2PTzfXh5Ut3hjRrWGyafz6,Stephen Speaks,No More Doubt,Passenger Seat,64,274480,False,0.523,0.554,7,-7.596,1,0.0303,0.749,3.29e-06,0.323,0.769,152.979,4,Pop,acoustic,"https://cdnt-preview.dzcdn.net/api/1/1/b/8/4/0/b84219dafd640ad4cffe9977e519fdfe.mp3?hdnea=exp=1785601286~acl=/api/1/1/b/8/4/0/b84219dafd640ad4cffe9977e519fdfe.mp3*~data=user_id=0,application_id=42~hmac=d7fe975caca7cd64a1be1fddf7fac48454140a8e76524493fb8252cfc5761d36",https://cdn-images.dzcdn.net/images/cover/7c5fc73569bc5674d2ec33f3eecdbd40/250x250-000000-80-0-0.jpg
5MTsZG10E0hTvAkdioyPnw,Buddy Guy;Bonnie Raitt,Feels Like Rain,Feels Like Rain (feat. Bonnie Raitt),57,275266,False,0.572,0.348,0,-13.454,1,0.0294,0.44,0.000721,0.235,0.34,73.304,4,Jazz,acoustic,"https://cdnt-preview.dzcdn.net/api/1/1/4/9/0/0/4900408338f0b20a305ee02d9829d3c1.mp3?hdnea=exp=1785601286~acl=/api/1/1/4/9/0/0/4900408338f0b20a305ee02d9829d3c1.mp3*~data=user_id=0,application_id=42~hmac=953f84ee653b185efc3cc32cdde1029b194a31af9afb267ddb72417296a5876f",https://cdn-images.dzcdn.net/images/cover/4501a7f1dbf4a81be60e1347ab6b6a6a/250x250-000000-80-0-0.jpg
2AN3wNGUW0IgzfuurtVEDS,Mance Lipscomb,The Best of Mance Lipscomb,Sugar Babe,31,124400,False,0.554,0.4,3,-11.806,1,0.0699,0.979,0.348,0.102,0.547,101.191,4,Rock,acoustic,"https://cdnt-preview.dzcdn.net/api/1/1/3/6/1/0/361fb4d74814fd33dd0cd39cbae12c36.mp3?hdnea=exp=1785601286~acl=/api/1/1/3/6/1/0/361fb4d74814fd33dd0cd39cbae12c36.mp3*~data=user_id=0,application_id=42~hmac=cfa7c6bb256252a53332415e2ef5907236ee5a04ea8c25e070fd3b42e0e7ae77",https://cdn-images.dzcdn.net/images/cover/2380a103d6a67a8d4895441e21b3e36a/250x250-000000-80-0-0.jpg
7jIAttgQTpLDoNtykIQXjH,Violent Femmes,Violent Femmes,Blister In The Sun,71,145706,False,0.726,0.537,0,-8.896,1,0.114,0.316,0.0,0.0707,0.882,96.889,4,Alternativo,acoustic,"https://cdnt-preview.dzcdn.net/api/1/1/2/f/4/0/2f4334a722420ab7300074885da93d48.mp3?hdnea=exp=1785601286~acl=/api/1/1/2/f/4/0/2f4334a722420ab7300074885da93d48.mp3*~data=user_id=0,application_id=42~hmac=df39baa391b9c37208f6e41d300e548f05648fc18ca4b280c4876f9e080c3f3e",https://cdn-images.dzcdn.net/images/cover/d5211311b6120c519fba402047d7670f/250x250-000000-80-0-0.jpg
353rT3h7ABEWWBe6Hr7EZD,Days N Daze,The Oogle Deathmachine,"Little Blue Pills, Pt. 2",31,265195,True,0.501,0.672,2,-10.225,0,0.0637,0.674,0.000162,0.0674,0.961,122.041,4,Alternativo,acoustic,"https://cdnt-preview.dzcdn.net/api/1/1/b/3/a/0/b3ad10215dc01e3f454af7bfdc4578f1.mp3?hdnea=exp=1785601286~acl=/api/1/1/b/3/a/0/b3ad10215dc01e3f454af7bfdc4578f1.mp3*~data=user_id=0,application_id=42~hmac=af51e296a9756ddf06832e76d19c0c86bd0b94e76413205b5476e269b5fddf12",https://cdn-images.dzcdn.net/images/cover/489532fbb445493d884eed3e832d13c2/250x250-000000-80-0-0.jpg
0GgFpUEQzr5RuDZC768g0k,Drei Rana;Selena Marie,Paano Ang Simbang Gabi (Kung 'Di Ka Katabi),Paano Ang Simbang Gabi - Kung 'Di Ka Katabi,30,235722,False,0.505,0.462,6,-5.692,1,0.0271,0.623,0.0,0.113,0.113,139.914,4,Pop,acoustic,"https://cdnt-preview.dzcdn.net/api/1/1/8/d/c/0/8dcdbc49e1e4f653800880c6f1475059.mp3?hdnea=exp=1785601286~acl=/api/1/1/8/d/c/0/8dcdbc49e1e4f653800880c6f1475059.mp3*~data=user_id=0,application_id=42~hmac=a98626115882be73b14a26f36cc8aed8eafe240743ac72e02850da1c8bd8890e",https://cdn-images.dzcdn.net/images/cover/fc7e1fa44860f2fec1bae8f8fbfb8148/250x250-000000-80-0-0.jpg
5hhhrZMKz1NEZM7jRWufbf,Frank Turner,West Coast vs. Wessex,Bob,30,188952,True,0.415,0.713,0,-5.529,1,0.0345,0.0555,0.0,0.0811,0.361,83.69,3,Alternativo,acoustic,"https://cdnt-preview.dzcdn.net/api/1/1/2/0/c/0/20c51f1d677f8dcb34614263e4604923.mp3?hdnea=exp=1785601286~acl=/api/1/1/2/0/c/0/20c51f1d677f8dcb34614263e4604923.mp3*~data=user_id=0,application_id=42~hmac=e819481692782cdc7024903ce45c98bee4f2081d01d618def81e39980606e180",https://cdn-images.dzcdn.net/images/cover/598a768af5fce981939a583fa56947d4/250x250-000000-80-0-0.jpg
4zESVuAPxaC9bqQKjiWgH6,Harley Poe,Have a Great Life.,Psycho,30,241250,False,0.458,0.823,6,-4.268,0,0.0616,0.382,0.0,0.205,0.422,131.638,4,Folk,acoustic,"https://cdnt-preview.dzcdn.net/api/1/1/a/0/9/0/a092b4f80d99e97134be0aca59d38146.mp3?hdnea=exp=1785601296~acl=/api/1/1/a/0/9/0/a092b4f80d99e97134be0aca59d38146.mp3*~data=user_id=0,application_id=42~hmac=e5c93dfd063c52a7cb9bb8dae97cafafdcdae52536e0388231c329399fb49325",https://cdn-images.dzcdn.net/images/cover/1ae45e9fa3692e51672a4b0ee4035eb1/250x250-000000-80-0-0.jpg
7EcFRiCKqijYsuA5UbNnQZ,Frank Turner,West Coast vs. Wessex,Perfect Government,30,146129,True,0.474,0.876,7,-5.052,1,0.0341,0.00277,6.15e-06,0.39,0.607,91.948,4,Alternativo,acoustic,"https://cdnt-preview.dzcdn.net/api/1/1/4/a/8/0/4a8096b2db99584e32c408f7eb4053c6.mp3?hdnea=exp=1785601296~acl=/api/1/1/4/a/8/0/4a8096b2db99584e32c408f7eb4053c6.mp3*~data=user_id=0,application_id=42~hmac=a00b875cca77f6ec1f658a10d7a583c3d1bd79b7f6abe9970507323cc3a917bb",https://cdn-images.dzcdn.net/images/cover/598a768af5fce981939a583fa56947d4/250x250-000000-80-0-0.jpg
4WbTMyywJtvUNhmVKa0oSM,The Bridge City Sinners,Unholy Hymns,The Fear,30,161205,True,0.444,0.674,5,-6.675,1,0.0341,0.586,0.000147,0.109,0.698,111.377,3,Folk,acoustic,"https://cdnt-preview.dzcdn.net/api/1/1/f/6/6/0/f66b1a22ca6838f7ce82546739ccd108.mp3?hdnea=exp=1785601296~acl=/api/1/1/f/6/6/0/f66b1a22ca6838f7ce82546739ccd108.mp3*~data=user_id=0,application_id=42~hmac=0908350b9a5418bff7c407e47ea557e5ee7ba3341eee25b5cebe453ac6ed2998",https://cdn-images.dzcdn.net/images/cover/1aad8eb202b9f4f2635be7ef7a66a4f9/250x250-000000-80-0-0.jpg
0R7EWhquaAICmyE5MZqt3q,Ben Rector,The Joy of Music,Living My Best Life,59,215213,False,0.566,0.733,4,-5.302,1,0.0699,0.083,1.55e-06,0.362,0.636,178.828,4,Pop,acoustic,"https://cdnt-preview.dzcdn.net/api/1/1/7/1/3/0/713ead8a0d614ad4e1cd033ce7452317.mp3?hdnea=exp=1785601296~acl=/api/1/1/7/1/3/0/713ead8a0d614ad4e1cd033ce7452317.mp3*~data=user_id=0,application_id=42~hmac=abf546477a28993064c64a12e98be8ca95b95c14d91516996863dc38482c7b1d",https://cdn-images.dzcdn.net/images/cover/715d36124af065fc5f037d68d9d86d12/250x250-000000-80-0-0.jpg
5u2HaXFymnYNePtwI5bU3t,Frank Turner,FTHC (Deluxe),Haven't Been Doing So Well,30,196813,False,0.367,0.892,2,-3.91,1,0.133,0.00012,0.000268,0.276,0.799,81.928,4,Alternativo,acoustic,"https://cdnt-preview.dzcdn.net/api/1/1/4/2/d/0/42d79475d0881f84669ad3b7eec11538.mp3?hdnea=exp=1785601296~acl=/api/1/1/4/2/d/0/42d79475d0881f84669ad3b7eec11538.mp3*~data=user_id=0,application_id=42~hmac=ead4803ef8d7bf8a7110791f925201d18f2d96d2f8e007aa8bf7f3d9d0b6ceef",https://cdn-images.dzcdn.net/images/cover/66fe0f46b26af6695203210af2e2733d/250x250-000000-80-0-0.jpg
79keCNa2NAa4xMInUQCATJ,The Bridge City Sinners,Unholy Hymns,"The Legend of Olog-hai, Pt. 2",30,184217,True,0.258,0.729,4,-6.457,0,0.0398,0.395,0.00442,0.131,0.462,116.943,3,Folk,acoustic,"https://cdnt-preview.dzcdn.net/api/1/1/e/f/5/0/ef51203cbe24b77ed1201502b3e7b54b.mp3?hdnea=exp=1785601296~acl=/api/1/1/e/f/5/0/ef51203cbe24b77ed1201502b3e7b54b.mp3*~data=user_id=0,application_id=42~hmac=a21efa476c7a964d85e2c03ad970f3b4eccd1e961dec9d23b571c1e7390ede2a",https://cdn-images.dzcdn.net/images/cover/1aad8eb202b9f4f2635be7ef7a66a4f9/250x250-000000-80-0-0.jpg
61X73CJcpwGIxgQgKEXbw0,Brandi Carlile;Lucius,In These Silent Days,You and Me On The Rock (feat. Lucius),63,230098,False,0.568,0.686,1,-6.635,1,0.033,0.15,1.81e-06,0.0881,0.725,172.075,4,Singer & Songwriter,acoustic,"https://cdnt-preview.dzcdn.net/api/1/1/9/a/5/0/9a560f0225788fb30e7f1377341aa1bc.mp3?hdnea=exp=1785601296~acl=/api/1/1/9/a/5/0/9a560f0225788fb30e7f1377341aa1bc.mp3*~data=user_id=0,application_id=42~hmac=3c47a2778a567c43a33dac22476661915cecd614de28f11c285f868142352a16",https://cdn-images.dzcdn.net/images/cover/916e595c3b3d5f921acc0685a16a7778/250x250-000000-80-0-0.jpg
78Vs1Oo42MrcbwB8vQhhsz,Get Dead,Dancing with the Curse,Glitch,30,129472,False,0.571,0.696,9,-8.688,1,0.0739,0.14,0.0,0.0973,0.662,155.133,4,Alternativo,acoustic,"https://cdnt-preview.dzcdn.net/api/1/1/7/3/0/0/730b4d86e9dec9e822bfed20a3cf85ef.mp3?hdnea=exp=1785601296~acl=/api/1/1/7/3/0/0/730b4d86e9dec9e822bfed20a3cf85ef.mp3*~data=user_id=0,application_id=42~hmac=383c294a52bd0df3a503145c9517506ea729faf09a6b03a478d4880558cef0d1",https://cdn-images.dzcdn.net/images/cover/7aba98b43321807a29aa101909d3b6d0/250x250-000000-80-0-0.jpg
